station,date,tavg,dewpoint,wetbulb,codesum,preciptotal,stnpressure,sealevel,resultspeed,resultdir,avgspeed
1,2007-05-01,67,51,56,moderate,0.0,29.1,29.82,1.7,27,9.2
1,2007-05-02,51,42,47,BR,0.0,29.38,30.09,13.0,4,13.4
1,2007-05-03,56,40,48,moderate,0.0,29.39,30.12,11.7,7,11.9
1,2007-05-04,58,41,50,RA,0.005,29.31,30.05,10.4,8,10.8
1,2007-05-05,60,38,49,moderate,0.005,29.4,30.1,11.7,7,12.0
1,2007-05-06,59,30,46,moderate,0.0,29.57,30.29,14.4,11,15.0
1,2007-05-07,65,41,54,RA,0.005,29.38,30.12,8.6,18,10.5
1,2007-05-08,68,58,62,BR,0.0,29.29,30.03,2.7,11,5.8
1,2007-05-09,69,59,63,BR HZ,0.13,29.21,29.94,3.9,9,6.2
1,2007-05-10,70,52,60,BR,0.0,29.2,29.92,0.7,17,4.1
1,2007-05-11,61,42,51,moderate,0.0,29.33,30.04,11.3,3,12.9
1,2007-05-12,55,36,46,moderate,0.0,29.49,30.2,12.4,3,12.9
1,2007-05-13,56,33,46,moderate,0.0,29.49,30.24,6.6,14,8.1
1,2007-05-14,73,47,59,moderate,0.0,29.23,29.97,16.9,21,17.3
1,2007-05-15,69,56,61,RA BR,0.38,29.13,29.84,8.1,27,12.3
1,2007-05-16,55,43,48,RA BR,0.14,29.33,30.03,7.8,36,12.2
1,2007-05-17,53,32,43,moderate,0.0,29.55,30.27,10.5,3,11.3
1,2007-05-18,57,30,46,moderate,0.0,29.53,30.25,5.4,25,7.5
1,2007-05-19,68,39,53,moderate,0.0,29.34,30.08,11.1,24,11.4
1,2007-05-20,56,40,44,RA VCTS,0.07,29.38,30.11,10.4,4,10.7
1,2007-05-21,62,50,56,moderate,0.0,29.33,30.06,6.3,11,8.2
1,2007-05-22,71,46,58,moderate,0.0,29.34,30.06,10.0,18,10.2
1,2007-05-23,75,49,61,moderate,0.0,29.39,30.1,11.4,19,11.8
1,2007-05-24,76,54,63,RA HZ,0.02,29.41,30.11,14.9,21,17.3
1,2007-05-25,63,44,53,moderate,0.005,29.51,30.24,4.9,5,8.8
1,2007-05-26,57,55,56,TSRA RA BR HZ,1.01,29.36,30.11,2.8,17,7.2
1,2007-05-27,66,47,56,RA BR,0.04,29.34,30.06,8.9,26,9.5
1,2007-05-28,65,47,56,RA,0.005,29.43,30.15,4.8,10,5.3
1,2007-05-29,74,58,65,BR HZ,0.0,29.39,30.11,5.8,18,6.5
1,2007-05-30,77,58,65,HZ,0.0,29.31,30.04,10.3,19,10.6
1,2007-05-31,72,61,65,RA HZ,0.01,29.28,30.0,9.3,19,9.9
1,2007-06-01,74,63,66,TSRA BR HZ,0.19,29.19,29.91,4.2,17,6.4
1,2007-06-02,73,63,67,RA BR,0.04,29.03,29.77,6.5,22,7.4
1,2007-06-03,70,60,63,TSRA RA BR HZ,0.01,28.82,29.56,5.2,25,6.7
1,2007-06-04,65,58,60,TSRA RA BR,0.39,28.82,29.52,7.8,31,9.7
1,2007-06-05,56,48,51,RA BR,0.42,29.1,29.79,5.2,5,7.6
1,2007-06-06,58,48,55,RA,0.01,29.07,29.81,10.8,17,11.4
1,2007-06-07,81,62,69,moderate,0.0,28.84,29.55,22.7,20,23.1
1,2007-06-08,69,53,61,moderate,0.0,29.18,29.85,10.9,28,13.8
1,2007-06-09,66,47,57,moderate,0.0,29.36,30.07,0.3,33,5.0
1,2007-06-10,68,51,59,moderate,0.0,29.34,30.05,4.8,17,5.6
1,2007-06-11,72,52,61,moderate,0.0,29.41,30.11,4.9,11,6.9
1,2007-06-12,73,50,60,moderate,0.0,29.44,30.16,8.3,5,8.8
1,2007-06-13,74,53,62,moderate,0.0,29.36,30.09,7.2,5,8.6
1,2007-06-14,77,55,64,moderate,0.0,29.3,30.02,5.6,5,6.8
1,2007-06-15,77,56,64,moderate,0.0,29.28,29.99,4.1,6,4.9
1,2007-06-16,80,60,67,RA HZ,0.005,29.26,29.97,4.8,28,5.8
1,2007-06-17,81,64,70,HZ,0.0,29.23,29.95,2.8,11,6.3
1,2007-06-18,79,65,70,TSRA RA HZ,0.28,29.12,29.84,14.0,20,15.1
1,2007-06-19,73,55,63,RA,0.58,29.26,29.95,10.7,28,11.4
1,2007-06-20,73,52,61,moderate,0.0,29.39,30.1,7.8,27,8.8
1,2007-06-21,69,51,60,RA,0.01,29.36,30.08,3.5,3,10.7
1,2007-06-22,69,50,58,RA,0.005,29.33,30.06,7.8,6,8.7
1,2007-06-23,65,58,61,RA BR,0.05,29.23,29.96,7.6,12,9.0
1,2007-06-24,70,62,65,BR HZ,0.0,29.26,29.97,7.0,9,8.0
1,2007-06-25,77,66,70,BR HZ,0.0,29.38,30.07,3.9,14,6.8
1,2007-06-26,81,69,72,TSRA BR HZ VCTS,0.16,29.39,30.11,6.1,22,7.1
1,2007-06-27,81,70,72,TSRA,0.15,29.29,30.02,7.5,24,8.8
1,2007-06-28,66,55,60,moderate,0.0,29.41,30.09,11.9,3,12.5
1,2007-06-29,63,55,59,moderate,0.0,29.41,30.13,7.6,2,8.3
1,2007-06-30,67,46,56,moderate,0.0,29.41,30.13,4.9,3,5.8
1,2007-07-01,65,52,58,moderate,0.0,29.51,30.23,8.6,4,8.6
1,2007-07-02,66,50,58,moderate,0.0,29.49,30.22,5.9,14,8.1
1,2007-07-03,72,57,63,TSRA RA BR,0.4,29.31,30.06,6.7,21,7.3
1,2007-07-04,77,65,69,TSRA BR HZ FU,0.16,29.18,29.9,4.6,27,8.2
1,2007-07-05,80,60,67,BR HZ FU,0.0,29.24,29.94,6.4,31,8.1
1,2007-07-06,76,57,64,moderate,0.0,29.32,30.03,3.2,5,5.5
1,2007-07-07,77,63,69,moderate,0.0,29.18,29.91,8.4,22,8.6
1,2007-07-08,85,67,72,moderate,0.0,29.05,29.77,12.9,24,13.1
1,2007-07-09,82,66,70,TSRA RA VCTS,0.3,29.11,29.8,4.9,24,8.8
1,2007-07-10,79,67,70,HZ VCTS,0.43,29.06,29.77,8.6,23,10.5
1,2007-07-11,70,51,59,moderate,0.0,29.23,29.93,8.8,30,10.9
1,2007-07-12,71,51,59,moderate,0.0,29.22,29.93,9.4,29,11.1
1,2007-07-13,68,52,58,moderate,0.0,29.26,29.98,1.4,1,5.3
1,2007-07-14,73,55,62,moderate,0.0,29.08,29.79,8.3,26,13.2
1,2007-07-15,71,53,61,moderate,0.0,29.19,29.89,2.1,29,4.9
1,2007-07-16,74,60,65,RA BR,0.39,29.25,29.96,4.4,24,5.2
1,2007-07-17,76,66,69,RA BR VCTS,0.11,29.18,29.9,5.2,23,6.5
1,2007-07-18,77,68,71,TSRA RA BR VCTS,1.55,29.11,29.84,9.1,24,10.1
1,2007-07-19,73,63,66,DZ BR,0.16,29.21,29.9,7.0,1,11.9
1,2007-07-20,67,53,59,moderate,0.0,29.44,30.14,8.6,3,9.1
1,2007-07-21,66,52,58,moderate,0.0,29.51,30.22,6.5,3,7.4
1,2007-07-22,70,55,61,moderate,0.0,29.49,30.21,1.7,16,3.3
1,2007-07-23,72,55,63,moderate,0.0,29.37,30.1,3.2,9,4.0
1,2007-07-24,74,58,64,moderate,0.0,29.32,30.04,3.1,20,5.2
1,2007-07-25,78,61,67,moderate,0.005,29.29,30.0,5.8,25,6.6
1,2007-07-26,75,65,68,TS TSRA RA BR HZ,0.19,29.19,29.92,7.2,22,9.4
1,2007-07-27,77,68,70,RA BR HZ,0.17,29.11,29.82,3.0,3,7.9
1,2007-07-28,73,65,68,BR HZ,0.0,29.23,29.93,10.0,3,10.2
1,2007-07-29,74,57,64,moderate,0.0,29.28,29.99,4.8,5,5.7
1,2007-07-30,76,55,64,moderate,0.0,29.33,30.03,3.8,6,4.3
1,2007-07-31,80,61,68,moderate,0.0,29.33,30.04,3.3,4,4.9
1,2007-08-01,81,62,69,HZ,0.0,29.29,30.0,3.5,9,4.1
1,2007-08-02,81,66,71,HZ,0.0,29.26,29.97,5.5,26,5.9
1,2007-08-03,80,56,66,moderate,0.0,29.31,30.02,2.7,3,5.7
1,2007-08-04,73,58,64,RA,0.03,29.31,30.03,5.7,8,6.1
1,2007-08-05,78,71,73,TSRA RA BR HZ,1.43,29.08,29.81,5.4,21,9.6
1,2007-08-06,81,72,74,TSRA RA BR HZ,0.26,29.13,29.83,1.6,10,4.9
1,2007-08-07,82,73,76,RA BR,1.31,29.06,29.76,6.2,25,9.0
1,2007-08-08,80,71,73,TSRA RA BR,0.06,29.13,29.83,3.0,3,6.9
1,2007-08-09,78,71,73,TSRA RA,0.05,29.13,29.84,2.5,29,6.0
1,2007-08-10,78,68,72,BR,0.0,29.26,29.96,4.5,2,5.9
1,2007-08-11,78,65,70,BR HZ,0.0,29.31,30.02,3.2,19,3.9
1,2007-08-12,78,67,71,TSRA,0.29,29.34,30.06,1.7,6,5.4
1,2007-08-13,73,57,64,BR,0.0,29.39,30.11,6.2,6,6.9
1,2007-08-14,75,67,70,TS TSRA RA BR,0.41,29.23,29.93,5.9,25,8.0
1,2007-08-15,76,67,70,TSRA RA BR,0.23,29.17,29.89,3.4,7,5.8
1,2007-08-16,71,64,67,BR,0.0,29.28,29.97,3.6,1,5.7
1,2007-08-17,70,54,61,moderate,0.0,29.41,30.1,5.9,32,6.8
1,2007-08-18,64,54,58,RA,0.09,29.44,30.16,6.4,12,8.1
1,2007-08-19,65,62,64,TS RA BR,1.33,29.24,29.99,6.0,10,7.4
1,2007-08-20,73,68,69,TSRA RA BR,0.91,29.15,29.87,0.5,12,5.7
1,2007-08-21,78,70,72,BR HZ,0.005,29.21,29.91,3.8,18,6.0
1,2007-08-22,80,71,73,TS TSRA RA,0.37,29.23,29.94,5.3,21,9.5
1,2007-08-23,78,69,71,TS TSRA RA BR VCTS,2.35,29.15,29.87,9.6,21,11.7
1,2007-08-24,75,67,69,TSRA RA,0.24,29.11,29.82,5.8,25,7.1
1,2007-08-25,72,63,66,RA,0.34,29.23,29.93,3.0,36,5.6
1,2007-08-26,70,55,61,moderate,0.0,29.38,30.08,3.6,11,5.4
1,2007-08-27,70,60,64,moderate,0.0,29.36,30.07,6.5,17,7.4
1,2007-08-28,79,66,70,moderate,0.0,29.28,29.99,9.0,20,9.5
1,2007-08-29,77,65,69,moderate,0.005,29.34,30.04,5.6,3,8.2
1,2007-08-30,66,54,60,moderate,0.0,29.47,30.18,9.1,2,9.9
1,2007-08-31,67,52,59,moderate,0.0,29.47,30.19,3.9,4,5.2
1,2007-09-01,69,55,61,moderate,0.0,29.49,30.22,4.2,11,5.0
1,2007-09-02,73,57,63,moderate,0.0,29.41,30.15,4.2,21,5.0
1,2007-09-03,77,61,67,moderate,0.0,29.36,30.09,2.0,27,5.8
1,2007-09-04,76,60,66,moderate,0.0,29.28,30.0,2.8,22,4.3
1,2007-09-05,78,63,69,RA,0.005,29.24,29.96,6.4,19,6.5
1,2007-09-06,78,67,70,RA HZ,0.18,29.21,29.92,11.9,20,12.1
1,2007-09-07,77,68,70,TSRA RA BR HZ,0.19,29.15,29.85,10.4,23,13.9
1,2007-09-08,71,57,63,moderate,0.0,29.3,30.0,6.0,5,7.2
1,2007-09-09,72,59,63,moderate,0.0,29.36,30.06,9.2,3,9.9
1,2007-09-10,64,58,60,RA BR,0.36,29.3,30.04,7.2,2,9.0
1,2007-09-11,61,44,52,moderate,0.005,29.2,29.92,11.7,29,13.5
1,2007-09-12,57,42,49,moderate,0.0,29.4,30.12,1.8,3,5.6
1,2007-09-13,64,45,54,moderate,0.0,29.23,29.99,8.3,19,8.5
1,2007-09-14,56,39,48,moderate,0.0,29.36,30.05,12.1,32,13.4
1,2007-09-15,50,33,43,moderate,0.0,29.56,30.28,1.4,33,5.9
1,2007-09-16,58,40,49,moderate,0.0,29.46,30.19,6.8,18,7.4
1,2007-09-17,66,49,57,moderate,0.0,29.39,30.12,11.7,17,12.1
1,2007-09-18,76,58,65,moderate,0.0,29.34,30.06,12.9,19,13.1
1,2007-09-19,75,59,65,moderate,0.0,29.41,30.11,5.0,26,9.7
1,2007-09-20,69,59,63,moderate,0.0,29.39,30.12,5.3,7,6.6
1,2007-09-21,76,59,66,HZ,0.0,29.18,29.9,10.3,21,12.4
1,2007-09-22,63,43,53,moderate,0.0,29.42,30.12,2.6,3,6.8
1,2007-09-23,67,50,58,moderate,0.0,29.43,30.16,4.6,13,5.3
1,2007-09-24,79,63,68,moderate,0.0,29.27,29.99,11.4,19,11.9
1,2007-09-25,74,65,69,TS RA,0.27,29.23,29.95,7.9,23,10.5
1,2007-09-26,61,50,55,RA,0.09,29.31,30.03,4.3,1,6.6
1,2007-09-27,62,49,55,BR,0.005,29.26,29.97,4.9,24,6.5
1,2007-09-28,63,46,53,moderate,0.0,29.47,30.17,2.3,4,7.1
1,2007-09-29,65,46,55,moderate,0.0,29.5,30.23,9.5,17,9.8
1,2007-09-30,71,49,59,TSRA BR,0.14,29.36,30.1,14.4,19,14.6
1,2007-10-01,64,59,61,RA DZ FG+ BCFG BR,0.29,29.28,30.0,6.1,22,8.1
1,2007-10-02,68,59,63,RA FG+ MIFG BR,0.09,29.18,29.92,10.8,19,11.1
1,2007-10-03,65,48,56,moderate,0.0,29.28,29.98,5.9,26,7.1
1,2007-10-04,67,56,61,HZ,0.0,29.34,30.04,3.9,17,4.6
1,2007-10-05,73,65,68,HZ,0.0,29.36,30.08,7.0,17,7.0
1,2007-10-06,78,67,70,moderate,0.0,29.33,30.04,6.9,20,7.4
1,2007-10-07,77,66,70,moderate,0.0,29.31,30.03,5.2,19,5.9
1,2007-10-08,74,61,66,moderate,0.0,29.23,29.93,7.7,24,10.1
1,2007-10-09,63,44,53,moderate,0.0,29.21,29.94,11.5,28,12.8
1,2007-10-10,51,38,44,RA DZ,0.005,29.21,29.93,15.1,31,15.5
1,2007-10-11,50,39,45,moderate,0.0,29.28,30.01,11.9,36,12.9
1,2007-10-12,49,35,43,moderate,0.0,29.28,30.02,3.4,35,4.6
1,2007-10-13,50,41,47,moderate,0.0,29.31,30.04,2.7,20,3.5
1,2007-10-14,57,49,53,RA,0.15,29.34,30.06,5.6,11,6.6
1,2007-10-15,63,52,57,RA BR,0.07,29.21,29.95,4.1,14,5.6
1,2007-10-16,60,54,57,RA DZ BR,0.24,29.16,29.88,6.4,21,7.5
1,2007-10-17,60,53,57,RA HZ,0.04,29.07,29.83,9.3,14,9.8
1,2007-10-18,69,56,61,RA BR,0.3,28.59,29.34,17.2,19,18.9
1,2007-10-19,56,48,52,RA BR,0.01,28.75,29.44,16.2,24,16.7
1,2007-10-20,60,43,52,moderate,0.0,29.02,29.71,10.9,21,12.0
1,2007-10-21,70,47,57,moderate,0.0,29.08,29.78,18.0,20,18.2
1,2007-10-22,57,47,50,RA DZ BR,0.16,29.26,29.97,5.2,36,9.2
1,2007-10-23,51,36,44,moderate,0.0,29.2,29.93,5.2,31,8.2
1,2007-10-24,49,35,42,moderate,0.0,29.46,30.16,13.3,2,14.5
1,2007-10-25,50,39,46,RA,0.005,29.47,30.2,13.9,6,14.1
1,2007-10-26,59,48,52,RA BR,0.33,29.31,30.07,6.2,5,6.9
1,2007-10-27,46,38,45,RA BR,0.01,29.56,30.25,9.4,32,9.9
1,2007-10-28,45,30,39,moderate,0.0,29.79,30.52,3.4,23,4.2
1,2007-10-29,50,32,42,moderate,0.0,29.63,30.4,10.2,22,10.4
1,2007-10-30,54,38,46,moderate,0.0,29.43,30.2,12.2,20,12.5
1,2007-10-31,52,37,46,moderate,0.0,29.3,30.02,12.2,25,14.3
1,2008-05-01,61,51,56,moderate,0.0,28.95,29.67,10.6,16,11.5
1,2008-05-02,63,55,58,TSRA RA BR,1.28,28.79,29.53,13.8,20,15.1
1,2008-05-03,50,41,46,RA,0.005,29.01,29.69,10.4,25,12.7
1,2008-05-04,52,34,45,moderate,0.0,29.31,30.02,5.6,24,6.3
1,2008-05-05,63,38,50,moderate,0.0,29.27,29.99,4.4,26,7.0
1,2008-05-06,64,44,55,moderate,0.0,29.16,29.88,6.3,22,7.1
1,2008-05-07,60,52,56,RA BR,0.76,28.97,29.69,3.5,23,12.3
1,2008-05-08,52,35,44,moderate,0.0,29.08,29.82,12.2,5,12.6
1,2008-05-09,50,34,43,moderate,0.0,29.15,29.85,6.3,3,6.9
1,2008-05-10,50,37,45,moderate,0.0,29.08,29.85,5.9,7,6.3
1,2008-05-11,52,43,47,RA BR,0.95,28.85,29.55,14.5,2,17.7
1,2008-05-12,48,38,43,moderate,0.0,29.26,29.96,5.1,7,7.8
1,2008-05-13,57,45,51,TSRA RA,0.08,29.2,29.93,15.5,18,15.9
1,2008-05-14,55,48,52,DZ BR,0.02,29.19,29.89,2.0,25,9.6
1,2008-05-15,50,37,45,moderate,0.0,29.33,30.05,6.8,5,7.9
1,2008-05-16,57,41,50,moderate,0.0,29.1,29.86,8.9,25,9.4
1,2008-05-17,63,41,52,RA,0.12,28.87,29.61,12.9,30,14.7
1,2008-05-18,50,39,45,moderate,0.0,28.93,29.64,3.5,34,8.2
1,2008-05-19,50,33,43,RA,0.005,28.96,29.69,3.9,7,5.7
1,2008-05-20,57,37,47,moderate,0.0,28.94,29.66,7.3,31,9.2
1,2008-05-21,54,36,46,moderate,0.0,29.0,29.7,7.2,32,9.2
1,2008-05-22,52,38,45,moderate,0.0,29.24,29.94,8.8,5,9.8
1,2008-05-23,52,39,45,moderate,0.0,29.41,30.12,10.7,3,10.9
1,2008-05-24,54,40,48,moderate,0.0,29.44,30.18,7.4,7,8.4
1,2008-05-25,61,50,57,TSRA,0.005,29.18,29.93,10.3,18,11.9
1,2008-05-26,64,60,64,TSRA RA BR,0.48,29.11,29.81,6.2,25,11.8
1,2008-05-27,46,35,42,moderate,0.0,29.5,30.19,19.2,3,19.3
1,2008-05-28,53,32,43,moderate,0.0,29.6,30.34,8.2,6,8.7
1,2008-05-29,55,37,47,RA,0.01,29.39,30.16,3.5,11,4.2
1,2008-05-30,66,59,62,TSRA RA BR,0.4,29.03,29.79,8.4,21,10.4
1,2008-05-31,69,56,62,moderate,0.0,29.1,29.8,10.8,28,11.9
1,2008-06-01,64,47,55,moderate,0.0,29.23,29.95,4.6,10,5.4
1,2008-06-02,71,52,60,RA,0.005,29.16,29.89,1.9,8,4.8
1,2008-06-03,62,55,57,TSRA RA FG+ FG BR,0.52,28.97,29.69,7.3,4,9.2
1,2008-06-04,66,59,61,TSRA DZ FG+ FG BR HZ,0.005,28.9,29.62,4.5,4,5.2
1,2008-06-05,74,68,71,TSRA BR,0.64,29.0,29.7,11.5,20,14.0
1,2008-06-06,80,68,72,RA,0.005,29.07,29.76,21.1,20,21.5
1,2008-06-07,77,71,73,TS RA BR,0.11,29.16,29.86,12.5,19,13.2
1,2008-06-08,75,68,70,TS TSRA RA,1.24,29.11,29.81,6.5,18,12.2
1,2008-06-09,70,64,66,RA BR,0.14,29.1,29.82,6.3,22,7.7
1,2008-06-10,69,56,61,RA,0.005,29.18,29.89,8.8,25,9.6
1,2008-06-11,74,56,64,moderate,0.0,29.28,29.99,8.9,18,10.0
1,2008-06-12,82,63,69,moderate,0.0,29.2,29.9,16.1,18,16.3
1,2008-06-13,74,62,66,TSRA RA BR,0.39,29.21,29.92,8.9,22,9.9
1,2008-06-14,72,53,61,moderate,0.0,29.23,29.94,8.3,24,8.8
1,2008-06-15,71,60,64,RA,0.18,29.15,29.84,8.1,24,9.8
1,2008-06-16,66,49,57,moderate,0.0,29.2,29.91,10.7,31,11.2
1,2008-06-17,66,46,55,moderate,0.0,29.26,29.97,10.7,30,11.2
1,2008-06-18,67,48,56,moderate,0.0,29.21,29.92,4.8,3,7.3
1,2008-06-19,67,46,56,moderate,0.0,29.21,29.93,1.8,25,5.1
1,2008-06-20,70,53,60,TSRA RA,0.09,29.25,29.96,6.7,22,7.9
1,2008-06-21,72,52,61,moderate,0.01,29.24,29.95,7.1,29,7.8
1,2008-06-22,70,52,59,TS TSRA,0.16,29.18,29.89,2.9,31,5.1
1,2008-06-23,67,54,59,moderate,0.0,29.33,30.04,3.9,4,6.4
1,2008-06-24,69,53,60,moderate,0.0,29.44,30.15,5.1,18,5.8
1,2008-06-25,73,64,67,RA,0.08,29.28,29.99,8.0,22,9.3
1,2008-06-26,78,66,70,BR,0.0,29.15,29.86,6.3,26,7.3
1,2008-06-27,75,67,70,RA,0.005,29.05,29.76,6.7,22,7.4
1,2008-06-28,74,55,63,TSRA HZ,0.04,28.98,29.69,12.1,25,13.2
1,2008-06-29,68,58,61,RA BR,0.58,29.08,29.77,7.3,31,9.7
1,2008-06-30,70,50,58,moderate,0.0,29.28,29.98,6.0,34,9.6
1,2008-07-01,71,51,60,moderate,0.0,29.24,29.97,8.1,24,8.0
1,2008-07-02,75,62,66,TS RA BR,0.2,29.09,29.79,8.7,23,13.2
1,2008-07-03,63,51,57,moderate,0.005,29.34,30.04,11.6,3,12.0
1,2008-07-04,64,50,57,moderate,0.0,29.35,30.06,6.0,5,6.6
1,2008-07-05,67,52,59,moderate,0.0,29.31,30.03,4.6,7,7.0
1,2008-07-06,73,57,65,moderate,0.0,29.21,29.94,9.3,19,9.4
1,2008-07-07,79,67,71,TSRA RA,0.03,29.16,29.87,10.9,22,11.9
1,2008-07-08,78,67,71,moderate,0.03,29.1,29.81,7.8,26,9.1
1,2008-07-09,76,55,63,moderate,0.005,29.26,29.95,9.5,31,10.3
1,2008-07-10,73,63,66,TSRA RA BR,0.72,29.26,29.99,8.5,23,9.2
1,2008-07-11,76,65,69,TSRA RA BR,0.34,29.23,29.97,5.2,20,8.4
1,2008-07-12,73,63,66,TS TSRA RA BR,0.73,29.19,29.89,7.7,26,10.3
1,2008-07-13,71,54,61,moderate,0.0,29.12,29.84,12.1,27,12.4
1,2008-07-14,73,54,62,moderate,0.0,29.22,29.92,4.5,29,7.8
1,2008-07-15,76,62,68,moderate,0.0,29.3,30.0,6.8,23,7.4
1,2008-07-16,81,66,70,moderate,0.0,29.39,30.09,5.0,23,7.2
1,2008-07-17,80,66,71,moderate,0.0,29.33,30.05,8.6,22,9.0
1,2008-07-18,80,68,72,RA,0.04,29.24,29.95,2.6,22,5.4
1,2008-07-19,73,68,69,RA BR VCTS,1.61,29.19,29.91,2.0,33,5.8
1,2008-07-20,77,68,71,TSRA,0.74,29.2,29.91,4.5,25,5.7
1,2008-07-21,76,65,68,TSRA RA,0.13,29.21,29.92,3.3,3,7.4
1,2008-07-22,70,59,64,moderate,0.005,29.31,30.0,8.2,3,8.7
1,2008-07-23,71,52,60,moderate,0.0,29.39,30.1,7.6,2,8.5
1,2008-07-24,71,53,61,moderate,0.0,29.33,30.05,3.9,24,4.4
1,2008-07-25,72,63,67,moderate,0.0,29.26,29.99,5.5,23,6.9
1,2008-07-26,75,58,65,BR,0.0,29.22,29.94,8.5,31,9.1
1,2008-07-27,73,58,64,moderate,0.0,29.16,29.89,5.9,24,6.7
1,2008-07-28,76,63,67,moderate,0.0,29.16,29.87,4.0,7,6.1
1,2008-07-29,77,67,70,TSRA RA,0.05,29.14,29.85,6.4,20,7.9
1,2008-07-30,81,65,70,moderate,0.0,29.04,29.75,7.8,27,8.6
1,2008-07-31,81,67,70,RA BR,0.14,29.06,29.76,4.9,27,5.8
1,2008-08-01,79,68,72,RA,1.05,29.09,29.79,3.1,31,5.7
1,2008-08-02,73,59,65,moderate,0.0,29.24,29.93,8.4,3,9.2
1,2008-08-03,73,61,66,moderate,0.0,29.24,29.96,5.3,18,6.0
1,2008-08-04,79,68,70,TS TSRA RA BR,2.43,29.18,29.9,3.1,18,9.0
1,2008-08-05,78,67,71,HZ,0.0,29.24,29.93,6.2,31,7.4
1,2008-08-06,76,60,66,moderate,0.0,29.29,30.0,6.8,30,8.1
1,2008-08-07,73,56,63,moderate,0.0,29.26,29.98,7.8,34,9.4
1,2008-08-08,71,54,61,moderate,0.0,29.29,30.01,4.5,2,7.4
1,2008-08-09,71,58,62,moderate,0.005,29.2,29.92,2.6,31,9.0
1,2008-08-10,66,52,58,moderate,0.0,29.31,30.02,8.4,2,9.0
1,2008-08-11,68,57,61,moderate,0.0,29.3,30.02,3.9,5,6.3
1,2008-08-12,69,57,62,moderate,0.0,29.17,29.9,3.3,10,3.8
1,2008-08-13,73,59,63,RA,0.06,29.11,29.84,3.0,7,4.6
1,2008-08-14,71,60,64,BR HZ,0.0,29.23,29.93,7.3,3,7.9
1,2008-08-15,70,54,61,moderate,0.0,29.44,30.13,6.9,3,7.9
1,2008-08-16,71,53,61,moderate,0.0,29.4,30.13,5.7,29,6.5
1,2008-08-17,74,60,65,moderate,0.0,29.28,30.01,7.9,26,8.0
1,2008-08-18,75,57,64,moderate,0.0,29.26,29.98,7.2,27,7.4
1,2008-08-19,73,64,67,moderate,0.0,29.38,30.08,5.9,4,6.7
1,2008-08-20,73,60,65,moderate,0.0,29.4,30.12,6.0,9,7.4
1,2008-08-21,75,61,66,RA,0.005,29.31,30.03,6.5,15,8.4
1,2008-08-22,78,68,71,TSRA BR HZ,0.09,29.32,30.03,12.7,19,12.8
1,2008-08-23,78,66,70,BR,0.0,29.31,30.02,7.6,25,9.4
1,2008-08-24,70,57,62,moderate,0.0,29.34,30.05,7.7,3,9.7
1,2008-08-25,69,54,60,moderate,0.0,29.36,30.08,11.1,5,11.4
1,2008-08-26,69,54,60,moderate,0.0,29.29,30.03,7.7,7,8.4
1,2008-08-27,72,56,63,moderate,0.0,29.2,29.93,4.6,7,5.9
1,2008-08-28,72,64,67,RA BR,0.06,29.1,29.82,5.7,19,6.7
1,2008-08-29,75,58,65,RA BR,0.04,29.24,29.93,3.5,35,6.5
1,2008-08-30,72,55,62,moderate,0.0,29.39,30.09,2.6,24,3.8
1,2008-08-31,75,56,64,moderate,0.0,29.41,30.13,4.8,13,5.4
1,2008-09-01,76,54,63,moderate,0.0,29.37,30.09,7.0,14,7.7
1,2008-09-02,80,61,68,TS,0.0,29.31,30.02,3.2,21,4.4
1,2008-09-03,72,60,64,TSRA,0.02,29.31,30.02,9.8,1,10.4
1,2008-09-04,64,61,62,RA BR,2.9,29.08,29.82,11.6,3,12.4
1,2008-09-05,64,56,59,moderate,0.0,29.22,29.93,5.9,34,6.9
1,2008-09-06,64,54,58,BR,0.01,29.28,29.98,4.9,27,5.3
1,2008-09-07,65,51,57,moderate,0.0,29.35,30.06,6.4,26,6.6
1,2008-09-08,60,52,55,RA BR,1.23,29.41,30.11,4.6,34,6.2
1,2008-09-09,59,45,52,moderate,0.0,29.45,30.17,3.9,36,6.4
1,2008-09-10,60,48,54,moderate,0.0,29.47,30.21,4.3,14,5.1
1,2008-09-11,67,57,61,RA BR,0.005,29.33,30.08,8.9,18,9.8
1,2008-09-12,71,67,68,RA DZ BR,0.37,29.22,29.96,6.0,22,6.8
1,2008-09-13,72,69,70,RA BR,6.64,28.97,29.71,6.4,21,9.1
1,2008-09-14,65,61,62,RA BR,1.44,28.97,29.67,7.7,31,10.1
1,2008-09-15,58,51,55,moderate,0.005,29.41,30.1,5.7,34,6.1
1,2008-09-16,60,50,55,moderate,0.0,29.47,30.19,5.3,23,5.8
1,2008-09-17,70,56,60,moderate,0.0,29.46,30.18,2.1,29,7.0
1,2008-09-18,65,55,60,moderate,0.0,29.56,30.28,6.1,9,7.2
1,2008-09-19,66,54,59,moderate,0.0,29.47,30.2,5.8,19,6.0
1,2008-09-20,69,57,61,moderate,0.0,29.46,30.17,1.7,16,2.9
1,2008-09-21,69,61,64,FG+ BR HZ,0.0,29.55,30.26,3.8,5,4.2
1,2008-09-22,71,59,64,BR HZ,0.0,29.59,30.31,6.9,11,8.0
1,2008-09-23,71,57,62,moderate,0.0,29.56,30.29,7.0,15,7.7
1,2008-09-24,70,59,63,TS TSRA BR HZ,0.2,29.54,30.27,2.6,23,4.6
1,2008-09-25,70,61,64,BR HZ,0.0,29.54,30.27,6.9,4,7.5
1,2008-09-26,69,55,60,BR,0.0,29.42,30.16,3.0,6,4.3
1,2008-09-27,67,54,60,BR,0.0,29.33,30.06,1.0,3,2.7
1,2008-09-28,63,57,60,moderate,0.0,29.41,30.13,7.2,4,7.8
1,2008-09-29,59,55,57,RA BR,0.82,29.26,30.0,3.5,33,4.8
1,2008-09-30,54,44,49,moderate,0.0,29.21,29.95,11.4,31,11.5
1,2008-10-01,54,40,47,moderate,0.0,29.24,29.97,11.2,33,11.1
1,2008-10-02,52,40,47,moderate,0.0,29.18,29.91,8.7,28,9.2
1,2008-10-03,52,42,47,RA,0.01,29.34,30.05,6.5,3,7.7
1,2008-10-04,50,38,45,moderate,0.0,29.51,30.23,3.2,11,4.4
1,2008-10-05,51,43,48,RA,0.06,29.51,30.25,5.6,11,6.6
1,2008-10-06,62,47,54,moderate,0.0,29.49,30.23,10.5,11,10.7
1,2008-10-07,60,52,56,RA BR,0.8,29.24,30.01,10.3,13,11.3
1,2008-10-08,57,51,54,RA BR,0.19,29.13,29.85,7.5,26,8.1
1,2008-10-09,58,38,49,moderate,0.0,29.36,30.05,5.5,29,5.8
1,2008-10-10,57,42,50,moderate,0.0,29.47,30.18,4.8,11,6.7
1,2008-10-11,65,50,57,moderate,0.0,29.52,30.24,4.2,14,5.0
1,2008-10-12,71,56,61,BR,0.0,29.55,30.27,4.3,15,5.1
1,2008-10-13,69,58,63,moderate,0.0,29.47,30.21,7.7,20,8.1
1,2008-10-14,61,43,51,RA,0.005,29.49,30.22,2.0,30,6.8
1,2008-10-15,55,50,53,RA BR,0.3,29.34,30.06,4.2,32,6.3
1,2008-10-16,51,38,44,moderate,0.0,29.52,30.25,6.1,35,7.5
1,2008-10-17,50,39,44,moderate,0.0,29.53,30.26,6.2,36,7.2
1,2008-10-18,52,40,45,RA BR,0.05,29.58,30.32,2.1,7,6.1
1,2008-10-19,51,37,45,moderate,0.0,29.49,30.24,12.0,19,12.4
1,2008-10-20,49,42,46,RA BR,0.18,29.48,30.21,4.0,31,7.6
1,2008-10-21,47,35,42,moderate,0.0,29.64,30.37,7.1,2,8.7
1,2008-10-22,44,30,40,moderate,0.0,29.65,30.39,12.1,12,13.1
1,2008-10-23,50,36,44,RA,0.16,29.5,30.27,11.5,12,11.8
1,2008-10-24,49,44,47,TSRA RA BR,0.32,29.18,29.96,5.3,19,6.1
1,2008-10-25,48,40,44,RA DZ BR,0.005,29.02,29.77,11.9,22,12.3
1,2008-10-26,47,32,41,RA,0.005,29.1,29.8,17.2,27,17.8
1,2008-10-27,40,27,35,moderate,0.005,29.51,30.2,13.7,31,14.4
1,2008-10-28,38,23,33,moderate,0.0,29.54,30.29,10.5,30,10.9
1,2008-10-29,42,24,34,moderate,0.0,29.47,30.21,3.7,32,6.2
1,2008-10-30,47,32,41,moderate,0.0,29.57,30.31,10.5,19,10.4
1,2008-10-31,59,46,51,moderate,0.0,29.57,30.3,5.7,22,7.4
1,2009-05-01,53,40,47,RA,0.02,29.26,29.98,8.4,29,8.5
1,2009-05-02,55,33,45,moderate,0.0,29.21,29.94,8.8,26,9.2
1,2009-05-03,57,34,47,moderate,0.0,29.19,29.92,3.9,26,4.9
1,2009-05-04,57,34,47,moderate,0.0,29.31,30.02,6.5,9,7.6
1,2009-05-05,60,40,50,moderate,0.0,29.22,29.95,5.5,13,6.0
1,2009-05-06,63,51,55,RA BR,0.67,29.05,29.79,6.5,19,8.1
1,2009-05-07,67,52,57,RA BR HZ,0.19,29.01,29.73,8.5,25,10.3
1,2009-05-08,65,53,58,TSRA RA,0.02,28.94,29.68,4.9,21,6.0
1,2009-05-09,55,44,48,moderate,0.005,29.19,29.87,6.8,29,11.8
1,2009-05-10,54,39,46,moderate,0.0,29.41,30.11,4.7,30,8.4
1,2009-05-11,50,35,44,moderate,0.0,29.47,30.2,0.7,8,4.6
1,2009-05-12,55,34,47,moderate,0.0,29.38,30.13,9.5,16,9.6
1,2009-05-13,62,56,58,TSRA RA BR,0.55,29.01,29.76,14.4,19,16.4
1,2009-05-14,61,44,52,moderate,0.0,29.31,30.0,10.5,27,10.7
1,2009-05-15,57,51,54,RA BR,0.39,29.28,30.0,6.0,16,8.8
1,2009-05-16,54,40,49,BR,0.0,29.36,30.05,11.0,29,12.5
1,2009-05-17,51,27,42,moderate,0.0,29.6,30.32,0.2,33,6.2
1,2009-05-18,53,33,45,moderate,0.005,29.54,30.29,9.6,19,9.9
1,2009-05-19,66,44,55,moderate,0.0,29.48,30.21,13.5,21,13.8
1,2009-05-20,73,44,57,moderate,0.0,29.4,30.13,14.4,20,14.6
1,2009-05-21,72,49,59,moderate,0.0,29.38,30.09,7.8,23,12.8
1,2009-05-22,61,46,53,moderate,0.0,29.46,30.18,10.4,4,10.7
1,2009-05-23,65,50,57,moderate,0.0,29.33,30.06,4.5,7,5.7
1,2009-05-24,63,46,53,moderate,0.0,29.34,30.07,10.4,4,11.0
1,2009-05-25,61,43,51,RA DZ,0.04,29.28,30.02,10.3,6,10.8
1,2009-05-26,64,51,55,TSRA RA BR,1.73,29.08,29.82,7.5,5,7.8
1,2009-05-27,64,58,60,DZ BR HZ,0.02,28.95,29.68,3.6,24,7.2
1,2009-05-28,58,51,54,moderate,0.0,29.06,29.76,6.8,30,8.1
1,2009-05-29,62,49,55,moderate,0.005,29.17,29.88,2.7,32,6.9
1,2009-05-30,65,46,54,RA,0.005,29.09,29.81,2.9,27,6.8
1,2009-05-31,59,41,50,moderate,0.0,29.21,29.94,2.7,10,4.6
1,2009-06-01,65,53,57,TSRA RA,0.44,29.19,29.89,1.2,34,11.1
1,2009-06-02,54,46,50,RA BR,0.12,29.36,30.09,7.4,3,8.0
1,2009-06-03,52,39,46,moderate,0.0,29.42,30.15,10.5,4,10.7
1,2009-06-04,55,37,48,moderate,0.0,29.31,30.05,4.7,4,5.9
1,2009-06-05,62,44,54,moderate,0.0,29.18,29.91,5.8,26,6.7
1,2009-06-06,57,45,50,moderate,0.02,29.2,29.93,6.2,5,7.7
1,2009-06-07,63,53,57,BR,0.04,29.14,29.87,2.7,8,6.9
1,2009-06-08,66,60,63,TSRA RA BR,0.45,29.06,29.77,5.9,24,9.2
1,2009-06-09,61,53,56,DZ BR,0.005,29.23,29.94,4.0,6,6.3
1,2009-06-10,61,49,53,RA,0.01,29.15,29.89,8.0,5,8.7
1,2009-06-11,59,51,54,RA HZ,0.01,29.11,29.83,10.2,3,10.3
1,2009-06-12,62,49,55,RA,0.005,29.24,29.95,4.4,7,5.8
1,2009-06-13,61,51,55,RA BR,0.33,29.28,30.0,5.9,5,6.7
1,2009-06-14,64,48,57,moderate,0.0,29.29,30.01,4.5,4,4.7
1,2009-06-15,67,49,58,moderate,0.0,29.28,30.01,5.5,9,6.4
1,2009-06-16,65,55,60,RA BR,1.23,29.15,29.89,11.2,10,11.8
1,2009-06-17,66,59,62,BR HZ,0.0,29.16,29.88,3.0,36,6.2
1,2009-06-19,76,67,69,TS TSRA BR,3.97,28.97,29.7,7.2,18,11.6
1,2009-06-20,78,65,70,moderate,0.0,29.08,29.76,8.3,29,8.6
1,2009-06-21,77,63,68,moderate,0.01,29.12,29.82,2.8,7,3.9
1,2009-06-22,79,67,71,TSRA RA,0.09,29.09,29.79,4.0,11,5.6
1,2009-06-23,83,69,73,moderate,0.0,29.16,29.87,1.8,14,3.5
1,2009-06-24,85,68,73,TSRA,0.04,29.16,29.87,1.9,22,5.8
1,2009-06-25,85,69,73,moderate,0.005,29.08,29.8,2.4,32,4.9
1,2009-06-27,76,61,67,TS RA,0.3,29.1,29.82,5.1,21,6.9
1,2009-06-28,75,53,62,moderate,0.0,29.0,29.73,13.2,29,13.6
1,2009-06-29,70,54,61,moderate,0.0,28.89,29.6,12.2,30,12.7
1,2009-06-30,63,53,57,moderate,0.0,28.95,29.65,8.9,30,9.1
1,2009-07-01,61,52,56,RA DZ,0.005,29.07,29.77,8.2,32,8.7
1,2009-07-02,66,54,60,moderate,0.0,29.26,29.95,8.4,31,8.8
1,2009-07-03,71,56,62,moderate,0.0,29.36,30.06,1.2,34,5.8
1,2009-07-04,64,58,61,RA BR FU,0.2,29.26,29.99,1.8,13,3.8
1,2009-07-05,69,58,63,RA BR HZ,0.05,29.2,29.92,0.7,34,2.4
1,2009-07-06,73,54,62,moderate,0.0,29.14,29.86,7.5,31,7.8
1,2009-07-07,68,54,60,RA,0.005,29.18,29.89,5.9,7,7.0
1,2009-07-08,63,56,59,RA,0.06,29.28,29.99,6.8,6,7.0
1,2009-07-09,69,57,63,moderate,0.0,29.35,30.07,5.8,11,6.9
1,2009-07-10,73,64,67,RA BR,0.08,29.34,30.06,4.4,21,4.9
1,2009-07-11,74,59,65,TSRA BR HZ,0.25,29.34,30.04,4.8,31,7.0
1,2009-07-12,70,51,60,moderate,0.0,29.35,30.07,2.9,29,5.7
1,2009-07-13,70,46,57,moderate,0.0,29.36,30.07,4.8,7,5.8
1,2009-07-14,68,51,59,moderate,0.0,29.34,30.07,6.7,16,7.5
1,2009-07-15,75,62,67,BR,0.68,29.18,29.9,10.0,24,12.4
1,2009-07-16,72,56,62,moderate,0.005,29.17,29.89,9.9,28,10.8
1,2009-07-17,64,51,56,moderate,0.0,29.15,29.87,10.6,30,10.8
1,2009-07-18,65,52,57,moderate,0.0,29.31,30.01,8.1,31,8.2
1,2009-07-19,64,52,58,moderate,0.0,29.39,30.11,1.3,36,4.0
1,2009-07-20,66,55,60,moderate,0.0,29.36,30.09,5.1,9,5.5
1,2009-07-21,69,57,62,RA DZ,0.04,29.28,30.01,3.1,13,5.8
1,2009-07-22,71,61,64,BR HZ,0.005,29.23,29.95,3.5,3,5.0
1,2009-07-23,72,58,63,TS BR HZ,0.0,29.21,29.93,2.6,32,5.0
1,2009-07-24,72,59,64,TSRA RA,0.14,29.08,29.83,8.9,23,9.8
1,2009-07-25,74,58,64,moderate,0.0,29.02,29.73,10.6,28,11.1
1,2009-07-26,73,58,64,RA,0.005,29.13,29.82,8.0,29,8.6
1,2009-07-27,74,61,66,RA,0.02,29.13,29.86,9.3,23,10.1
1,2009-07-28,75,60,66,RA,0.01,29.08,29.78,6.4,28,8.0
1,2009-07-29,72,51,59,moderate,0.0,29.13,29.84,4.2,35,7.1
1,2009-07-30,69,57,62,moderate,0.005,29.15,29.85,4.4,23,5.5
1,2009-07-31,70,54,61,moderate,0.0,29.23,29.94,6.2,26,7.3
1,2009-08-01,68,59,62,RA,0.005,29.18,29.91,11.6,22,11.4
1,2009-08-02,68,51,59,moderate,0.0,29.2,29.93,6.8,25,9.6
1,2009-08-03,76,60,66,moderate,0.07,29.1,29.82,12.2,21,12.4
1,2009-08-04,76,61,67,BR,0.0,29.17,29.87,2.5,2,5.8
1,2009-08-05,70,54,61,moderate,0.0,29.34,30.05,2.9,6,4.2
1,2009-08-06,71,51,60,moderate,0.0,29.39,30.09,1.4,6,5.4
1,2009-08-07,69,59,63,RA BR,0.33,29.36,30.09,7.3,15,7.8
1,2009-08-08,79,70,73,RA BR,0.02,29.2,29.92,12.9,21,13.6
1,2009-08-09,84,71,74,moderate,0.18,29.23,29.94,11.6,23,12.9
1,2009-08-10,78,65,69,moderate,0.0,29.24,29.95,6.9,26,7.2
1,2009-08-11,72,61,66,moderate,0.0,29.3,30.0,6.3,2,8.0
1,2009-08-12,72,55,62,moderate,0.0,29.39,30.09,3.7,4,5.9
1,2009-08-13,73,55,63,moderate,0.0,29.38,30.1,1.5,14,3.8
1,2009-08-14,76,59,66,moderate,0.0,29.38,30.1,5.4,21,5.7
1,2009-08-15,78,61,67,moderate,0.0,29.32,30.04,8.7,19,8.9
1,2009-08-16,79,67,70,TSRA,0.63,29.27,29.99,9.5,20,10.2
1,2009-08-17,77,68,70,TSRA RA BR,0.33,29.28,30.0,4.6,22,5.8
1,2009-08-18,74,59,65,moderate,0.0,29.28,29.99,7.5,27,8.1
1,2009-08-19,71,60,65,RA,0.35,29.08,29.83,5.7,16,8.7
1,2009-08-20,71,61,65,RA,0.07,28.93,29.66,12.1,23,12.5
1,2009-08-21,66,58,61,RA,0.16,29.07,29.75,7.7,27,10.7
1,2009-08-22,63,52,56,moderate,0.0,29.31,30.0,7.8,1,9.4
1,2009-08-23,65,53,58,moderate,0.0,29.38,30.09,2.7,2,6.4
1,2009-08-24,67,56,61,moderate,0.0,29.41,30.13,3.8,21,5.1
1,2009-08-25,71,61,65,moderate,0.0,29.33,30.05,9.1,21,9.2
1,2009-08-26,68,62,64,RA BR,0.93,29.36,30.08,5.2,2,7.8
1,2009-08-27,64,60,61,RA BR,0.95,29.36,30.08,9.1,7,9.7
1,2009-08-28,64,61,62,RA BR,0.22,29.18,29.93,3.4,2,5.7
1,2009-08-29,63,51,56,RA DZ BR,0.02,29.18,29.89,11.4,31,11.8
1,2009-08-30,59,47,52,moderate,0.0,29.44,30.14,8.2,1,9.3
1,2009-08-31,59,44,52,moderate,0.0,29.55,30.27,4.8,3,6.0
1,2009-09-01,60,47,53,moderate,0.0,29.57,30.31,3.3,4,3.4
1,2009-09-02,62,50,56,moderate,0.0,29.51,30.25,4.1,6,5.1
1,2009-09-03,66,54,59,moderate,0.0,29.42,30.16,4.7,5,6.0
1,2009-09-04,65,54,59,BR,0.0,29.44,30.15,3.6,4,4.1
1,2009-09-05,66,57,61,BR HZ,0.0,29.49,30.21,4.3,4,5.3
1,2009-09-06,69,59,63,RA BR HZ,0.03,29.47,30.19,4.2,5,5.3
1,2009-09-08,69,60,63,moderate,0.0,29.36,30.07,6.6,3,7.3
1,2009-09-09,72,63,65,BR HZ,0.0,29.42,30.14,6.1,6,6.9
1,2009-09-10,73,62,65,BR HZ,0.0,29.48,30.2,6.0,6,6.8
1,2009-09-11,71,59,63,BR,0.0,29.44,30.17,5.1,7,5.6
1,2009-09-12,69,60,63,FG+ BR,0.0,29.41,30.14,3.7,3,4.8
1,2009-09-13,69,54,60,FG+ MIFG BR,0.0,29.39,30.12,1.5,7,3.0
1,2009-09-14,71,55,61,moderate,0.0,29.34,30.07,0.1,33,2.1
1,2009-09-15,73,59,63,moderate,0.0,29.36,30.07,6.2,2,7.8
1,2009-09-16,65,54,59,moderate,0.0,29.49,30.2,11.0,5,11.4
1,2009-09-17,61,52,56,moderate,0.0,29.45,30.18,3.4,5,4.2
1,2009-09-18,65,55,59,BR,0.0,29.46,30.18,5.1,2,6.4
1,2009-09-19,66,55,59,moderate,0.0,29.48,30.21,3.2,10,5.9
1,2009-09-20,64,56,60,RA DZ BR,0.75,29.28,30.04,6.4,7,7.9
1,2009-09-21,64,59,61,DZ BR HZ,0.005,29.26,29.98,3.5,23,4.6
1,2009-09-22,68,65,67,BR HZ,0.0,29.28,29.98,5.2,17,7.7
1,2009-09-23,69,62,64,BR,0.0,29.42,30.12,0.6,32,4.0
1,2009-09-24,69,63,65,BR,0.0,29.44,30.16,4.3,6,4.7
1,2009-09-25,65,57,60,RA DZ BR,0.16,29.39,30.12,5.4,11,7.3
1,2009-09-26,62,56,59,BR,0.0,29.15,29.91,4.0,27,4.6
1,2009-09-27,62,53,57,TSRA RA FG BR,0.08,28.84,29.59,8.2,22,10.2
1,2009-09-28,56,42,49,RA,0.01,28.91,29.61,20.3,29,20.7
1,2009-09-29,54,42,48,moderate,0.0,29.28,29.96,9.0,33,10.3
1,2009-09-30,55,40,47,moderate,0.0,29.39,30.11,5.7,3,6.8
1,2009-10-01,50,46,49,RA BR,0.89,29.13,29.9,9.1,13,9.5
1,2009-10-02,52,46,48,RA BR,0.21,28.8,29.55,10.5,21,12.0
1,2009-10-03,52,47,49,RA DZ BR,0.11,29.02,29.7,6.9,26,7.4
1,2009-10-04,53,43,47,moderate,0.005,29.28,29.98,9.0,28,9.2
1,2009-10-05,53,42,47,moderate,0.0,29.29,30.03,1.8,8,5.4
1,2009-10-06,55,47,51,RA DZ BR,0.03,28.9,29.65,8.8,24,14.9
1,2009-10-07,53,39,46,moderate,0.0,29.24,29.95,9.2,26,10.8
1,2009-10-08,49,46,48,RA DZ BR,0.12,29.18,29.92,3.3,21,4.8
1,2009-10-09,46,43,45,RA BR,0.46,29.21,29.93,9.4,34,10.0
1,2009-10-10,40,30,35,moderate,0.0,29.49,30.21,7.4,28,7.7
1,2009-10-11,37,22,32,moderate,0.0,29.6,30.35,1.5,33,5.0
1,2009-10-12,45,36,41,RA DZ BR,0.02,29.44,30.18,0.6,19,3.8
1,2009-10-13,41,32,38,moderate,0.0,29.6,30.35,8.5,1,10.0
1,2009-10-14,45,36,41,RA DZ BR,0.03,29.4,30.17,11.0,9,11.5
1,2009-10-15,43,38,40,RA DZ BR,0.29,29.26,30.0,8.2,6,9.1
1,2009-10-16,42,36,39,RA,0.04,29.41,30.13,8.2,35,8.2
1,2009-10-17,44,33,39,DZ,0.005,29.57,30.3,8.0,34,8.2
1,2009-10-18,42,33,39,moderate,0.0,29.49,30.25,6.1,21,6.9
1,2009-10-19,55,41,47,moderate,0.0,29.25,30.0,11.4,21,11.5
1,2009-10-20,55,48,52,RA,0.03,29.31,30.03,4.0,19,5.3
1,2009-10-21,62,52,56,RA,0.005,29.25,29.99,11.4,21,11.5
1,2009-10-22,53,48,50,RA BR,1.03,29.18,29.94,8.4,5,13.0
1,2009-10-23,52,49,50,RA DZ BR,0.89,28.73,29.48,6.2,18,16.2
1,2009-10-24,44,37,40,RA DZ BR,0.04,29.03,29.73,8.3,26,8.9
1,2009-10-25,53,45,49,RA BR,0.27,29.26,29.96,5.5,19,6.9
1,2009-10-26,52,48,49,RA BR,0.11,29.28,30.02,4.9,21,7.5
1,2009-10-27,48,45,47,RA BR,0.06,29.19,29.94,4.4,5,6.5
1,2009-10-28,54,49,51,BR HZ,0.0,29.28,29.99,3.1,14,4.3
1,2009-10-29,54,50,52,RA BR HZ,0.6,29.21,29.98,12.5,14,12.7
1,2009-10-30,57,53,56,RA DZ BR,0.81,28.79,29.55,15.6,20,17.4
1,2009-10-31,41,31,38,moderate,0.005,29.18,29.86,11.1,26,11.5
1,2010-05-01,64,53,58,RA BR,0.11,28.89,29.6,9.1,21,9.4
1,2010-05-02,61,52,56,RA BR,0.93,28.9,29.61,4.4,25,6.1
1,2010-05-03,61,45,53,moderate,0.0,29.07,29.77,8.8,25,9.4
1,2010-05-04,65,44,54,moderate,0.0,29.05,29.77,13.9,21,14.2
1,2010-05-05,64,37,51,moderate,0.005,29.08,29.77,10.2,27,12.8
1,2010-05-06,55,39,46,TSRA,0.01,29.27,29.99,5.7,3,9.1
1,2010-05-07,52,46,48,TSRA RA BR,0.72,28.98,29.73,2.6,34,13.2
1,2010-05-08,46,35,41,RA,0.02,29.36,30.05,14.5,30,15.2
1,2010-05-09,48,29,40,moderate,0.0,29.59,30.31,2.5,35,6.4
1,2010-05-10,50,31,42,RA,0.005,29.47,30.24,13.5,11,14.2
1,2010-05-11,48,46,47,RA DZ BR,0.97,29.16,29.9,5.6,9,9.9
1,2010-05-12,48,45,46,TSRA RA FG BR,0.12,29.36,30.1,8.9,6,10.4
1,2010-05-13,61,53,55,TSRA RA BR,1.49,29.23,29.93,4.8,25,12.3
1,2010-05-14,57,44,50,moderate,0.0,29.46,30.17,10.9,26,11.2
1,2010-05-15,52,42,48,moderate,0.0,29.53,30.26,4.1,4,5.8
1,2010-05-16,54,43,49,moderate,0.0,29.44,30.18,9.7,5,10.1
1,2010-05-17,54,42,48,RA,0.01,29.29,30.04,9.6,3,9.8
1,2010-05-18,56,40,48,moderate,0.0,29.26,29.99,9.1,3,9.8
1,2010-05-19,59,39,51,moderate,0.0,29.31,30.02,5.7,4,6.4
1,2010-05-20,61,49,55,RA,0.05,29.29,30.02,6.8,13,7.8
1,2010-05-21,65,58,60,RA DZ BR HZ,0.21,29.15,29.88,4.6,10,6.3
1,2010-05-22,66,59,61,FG+ BR HZ,0.0,29.23,29.94,3.4,12,5.4
1,2010-05-23,76,66,69,moderate,0.0,29.26,29.97,9.8,18,10.0
1,2010-05-24,81,67,72,moderate,0.0,29.33,30.03,6.6,14,8.2
1,2010-05-25,79,62,68,moderate,0.0,29.33,30.04,5.1,13,7.8
1,2010-05-26,77,63,68,moderate,0.005,29.29,30.0,3.1,3,4.5
1,2010-05-27,69,50,59,moderate,0.0,29.31,30.03,10.4,3,10.7
1,2010-05-28,68,50,58,moderate,0.0,29.28,30.01,7.8,3,8.4
1,2010-05-29,73,57,63,moderate,0.0,29.23,29.95,5.0,5,5.8
1,2010-05-30,76,59,66,moderate,0.0,29.16,29.88,4.6,18,5.9
1,2010-05-31,74,64,67,TSRA RA BR,0.26,29.15,29.86,0.6,24,4.7
1,2010-06-01,74,62,67,BR HZ,0.0,29.1,29.84,5.1,19,6.0
1,2010-06-02,67,61,64,TSRA RA BR,1.02,29.0,29.71,3.6,34,8.7
1,2010-06-03,64,46,55,moderate,0.0,29.1,29.81,6.7,4,7.8
1,2010-06-04,70,60,65,moderate,0.0,29.0,29.73,7.8,22,9.8
1,2010-06-05,70,65,67,RA BR,0.15,28.95,29.66,5.0,23,7.8
1,2010-06-06,66,55,59,RA,0.005,29.16,29.84,9.2,32,11.2
1,2010-06-07,62,49,55,moderate,0.0,29.34,30.05,6.4,8,6.9
1,2010-06-08,63,57,59,RA BR,0.45,29.22,29.97,8.8,13,10.1
1,2010-06-09,74,56,63,BR,0.0,29.13,29.84,10.2,28,10.8
1,2010-06-10,68,54,60,moderate,0.0,29.26,29.96,4.8,7,6.7
1,2010-06-11,77,67,71,TS RA,0.02,29.18,29.89,8.8,19,10.5
1,2010-06-12,70,63,65,TSRA RA BR,0.34,29.25,29.96,3.9,4,8.1
1,2010-06-13,67,62,64,RA BR,0.25,29.26,29.98,3.5,9,5.0
1,2010-06-14,65,61,62,RA BR,0.005,29.23,29.94,6.2,4,6.6
1,2010-06-15,70,66,67,RA BR,0.59,29.16,29.89,2.2,19,5.5
1,2010-06-16,73,61,65,moderate,0.0,29.28,29.98,5.9,28,9.0
1,2010-06-17,74,62,67,moderate,0.0,29.3,30.01,5.8,14,7.5
1,2010-06-18,79,66,69,TSRA BR,0.87,29.18,29.92,6.8,21,10.4
1,2010-06-19,76,61,66,moderate,0.0,29.24,29.94,9.8,28,10.6
1,2010-06-20,73,61,65,moderate,0.005,29.34,30.04,3.8,8,4.7
1,2010-06-21,76,66,69,TSRA BR,0.22,29.26,29.97,5.6,16,8.4
1,2010-06-22,77,68,71,moderate,0.0,29.28,29.98,5.9,23,6.9
1,2010-06-23,78,70,71,TS TSRA RA BR,0.87,29.16,29.89,10.2,22,11.5
1,2010-06-24,75,60,65,moderate,0.0,29.33,30.03,5.4,32,8.7
1,2010-06-25,73,62,67,moderate,0.0,29.28,30.0,6.4,20,7.3
1,2010-06-26,78,66,70,TS TSRA,0.85,29.1,29.83,1.0,11,6.7
1,2010-06-27,79,70,73,moderate,0.54,28.9,29.62,7.4,24,9.1
1,2010-06-28,73,59,65,moderate,0.0,29.08,29.76,9.4,31,11.3
1,2010-06-29,67,53,59,moderate,0.0,29.41,30.09,6.2,4,7.5
1,2010-06-30,66,50,57,moderate,0.0,29.54,30.25,3.7,4,6.0
1,2010-07-01,66,48,57,moderate,0.0,29.59,30.33,5.0,9,5.5
1,2010-07-02,71,53,61,moderate,0.0,29.47,30.2,7.9,19,8.1
1,2010-07-03,74,56,63,moderate,0.0,29.31,30.04,8.5,20,9.0
1,2010-07-04,80,66,71,moderate,0.0,29.2,29.91,10.2,22,10.5
1,2010-07-05,85,64,71,moderate,0.0,29.2,29.9,15.0,20,15.3
1,2010-07-06,82,69,73,TSRA RA,0.37,29.26,29.96,8.4,22,9.0
1,2010-07-07,82,70,73,BR,0.2,29.34,30.03,3.5,23,6.3
1,2010-07-08,81,70,73,TSRA RA BR,0.16,29.27,29.99,2.7,32,5.4
1,2010-07-09,79,59,67,moderate,0.005,29.26,29.98,6.3,36,7.5
1,2010-07-10,79,61,68,moderate,0.0,29.23,29.95,6.3,28,8.0
1,2010-07-11,76,63,67,TSRA RA BR,0.79,29.08,29.81,5.6,23,7.8
1,2010-07-12,75,65,68,BR,0.005,29.05,29.76,1.7,35,3.9
1,2010-07-13,77,65,69,moderate,0.17,29.18,29.87,5.4,10,6.1
1,2010-07-14,80,71,74,BR,0.0,29.25,29.96,9.2,17,10.1
1,2010-07-15,81,69,73,moderate,0.01,29.21,29.91,7.0,27,10.1
1,2010-07-16,79,62,68,moderate,0.0,29.23,29.95,7.4,25,8.1
1,2010-07-17,82,63,70,moderate,0.0,29.18,29.89,5.6,28,6.9
1,2010-07-18,82,69,73,moderate,0.01,29.1,29.82,7.0,25,9.7
1,2010-07-19,77,66,70,RA,0.01,29.18,29.89,2.3,24,4.9
1,2010-07-20,77,68,70,moderate,0.005,29.21,29.92,5.4,23,7.2
1,2010-07-21,82,65,70,moderate,0.0,29.29,30.0,4.7,31,6.8
1,2010-07-22,80,71,74,moderate,0.01,29.16,29.89,10.8,20,11.9
1,2010-07-23,82,71,74,TS TSRA RA BR,2.79,29.15,29.85,11.2,24,11.8
1,2010-07-24,78,71,73,TSRA RA BR,3.64,29.16,29.86,2.6,28,8.9
1,2010-07-25,74,59,65,moderate,0.0,29.36,30.06,8.7,2,9.2
1,2010-07-26,73,62,67,moderate,0.0,29.38,30.09,4.5,12,5.2
1,2010-07-27,78,67,71,moderate,0.0,29.28,30.01,5.6,21,6.4
1,2010-07-28,81,71,74,BR,0.0,29.24,29.94,6.8,28,9.3
1,2010-07-29,75,58,65,moderate,0.0,29.36,30.07,6.0,5,7.0
1,2010-07-30,75,60,65,RA,0.005,29.25,29.98,5.5,17,6.1
1,2010-07-31,73,64,67,TS TSRA RA BR,0.68,29.14,29.86,3.6,13,5.8
1,2010-08-01,76,65,68,BR HZ,0.0,29.23,29.94,2.4,13,4.1
1,2010-08-02,76,67,70,RA BR,0.005,29.26,29.96,6.3,21,6.8
1,2010-08-03,76,71,73,TSRA RA BR,0.28,29.2,29.91,2.6,21,3.3
1,2010-08-04,77,72,73,TSRA RA BR,0.48,29.15,29.85,4.1,27,4.9
1,2010-08-05,76,62,67,moderate,0.0,29.13,29.84,10.6,29,10.9
1,2010-08-06,73,59,64,moderate,0.0,29.22,29.93,6.3,29,6.5
1,2010-08-07,73,64,68,moderate,0.0,29.2,29.92,7.6,23,8.0
1,2010-08-08,78,67,70,RA BR,0.08,29.13,29.86,9.3,22,9.9
1,2010-08-09,80,71,74,TS,0.15,29.2,29.9,4.1,24,7.1
1,2010-08-10,82,71,74,moderate,0.0,29.23,29.93,4.4,7,4.9
1,2010-08-11,83,70,74,BR,0.0,29.13,29.84,4.2,28,6.0
1,2010-08-12,83,70,74,moderate,0.0,29.13,29.83,3.3,10,5.7
1,2010-08-13,83,70,74,TS BR,0.25,29.07,29.78,7.2,18,7.6
1,2010-08-14,80,69,73,moderate,0.005,29.11,29.82,3.6,25,5.0
1,2010-08-15,75,62,67,moderate,0.0,29.21,29.9,8.1,29,8.8
1,2010-08-16,72,54,62,moderate,0.0,29.31,30.01,8.6,28,9.3
1,2010-08-17,72,57,63,RA,0.03,29.36,30.07,4.5,30,6.1
1,2010-08-18,74,61,66,RA,0.05,29.29,30.02,1.5,20,3.5
1,2010-08-19,77,65,69,moderate,0.0,29.18,29.91,4.6,21,5.0
1,2010-08-20,82,68,72,RA,0.03,29.11,29.81,10.5,19,11.2
1,2010-08-21,79,69,72,RA BR,0.45,29.13,29.83,2.6,33,6.0
1,2010-08-22,75,64,67,moderate,0.0,29.35,30.05,7.9,3,8.5
1,2010-08-23,73,63,67,moderate,0.0,29.34,30.06,6.0,4,7.3
1,2010-08-24,74,62,66,moderate,0.005,29.29,30.02,1.2,4,5.8
1,2010-08-25,70,51,59,moderate,0.0,29.38,30.08,9.8,32,10.3
1,2010-08-26,69,52,59,moderate,0.0,29.44,30.16,0.8,6,5.2
1,2010-08-27,73,56,63,moderate,0.0,29.39,30.11,8.6,21,9.0
1,2010-08-28,77,54,63,moderate,0.0,29.36,30.08,10.5,19,10.8
1,2010-08-29,83,66,71,moderate,0.0,29.39,30.1,10.6,19,11.4
1,2010-08-30,81,67,72,moderate,0.0,29.39,30.13,14.1,19,14.5
1,2010-08-31,84,68,73,moderate,0.0,29.28,30.01,14.7,20,15.0
1,2010-09-01,76,68,70,RA,0.17,29.21,29.91,6.2,23,7.3
1,2010-09-02,74,68,70,RA BR,1.55,29.09,29.81,5.6,21,6.9
1,2010-09-03,63,52,57,moderate,0.005,29.11,29.82,15.3,28,15.7
1,2010-09-04,60,44,51,moderate,0.005,29.25,29.96,11.3,29,11.9
1,2010-09-05,63,50,56,RA,0.005,29.21,29.95,7.9,20,9.0
1,2010-09-06,74,52,61,moderate,0.005,29.12,29.83,14.2,20,14.9
1,2010-09-07,68,49,58,moderate,0.0,29.21,29.9,17.4,25,18.8
1,2010-09-08,61,48,54,moderate,0.0,29.39,30.09,3.9,32,6.5
1,2010-09-09,59,49,54,moderate,0.0,29.36,30.09,5.7,3,6.5
1,2010-09-10,64,51,58,moderate,0.0,29.24,29.98,8.3,9,9.4
1,2010-09-11,67,55,59,RA BR,0.24,29.15,29.87,1.9,24,9.4
1,2010-09-12,69,51,59,moderate,0.0,29.29,30.0,7.5,26,7.9
1,2010-09-13,70,50,59,moderate,0.0,29.29,30.01,4.9,31,6.1
1,2010-09-14,66,49,57,moderate,0.0,29.38,30.1,3.8,5,4.9
1,2010-09-15,67,54,60,moderate,0.005,29.25,30.01,7.6,12,9.1
1,2010-09-16,61,56,59,RA,0.16,29.19,29.88,6.6,33,11.4
1,2010-09-17,62,50,56,moderate,0.0,29.36,30.07,3.8,19,4.5
1,2010-09-18,62,55,58,TSRA BR,0.35,29.42,30.13,3.9,3,6.5
1,2010-09-19,61,49,55,RA,0.005,29.46,30.18,7.1,4,7.9
1,2010-09-20,69,60,63,moderate,0.005,29.29,30.04,4.5,12,6.6
1,2010-09-21,78,64,68,TSRA RA,0.05,29.16,29.87,10.8,22,11.6
1,2010-09-22,69,61,63,moderate,0.0,29.31,30.02,2.8,6,6.0
1,2010-09-23,77,62,68,moderate,0.0,29.15,29.88,16.6,20,17.1
1,2010-09-24,68,54,59,RA BR,0.26,29.18,29.88,15.6,25,17.3
1,2010-09-25,56,43,49,moderate,0.0,29.4,30.11,6.8,36,8.9
1,2010-09-26,55,45,49,RA,0.005,29.4,30.13,9.5,2,10.1
1,2010-09-27,57,45,50,moderate,0.0,29.18,29.95,1.4,2,4.9
1,2010-09-28,59,45,52,moderate,0.0,29.07,29.8,2.5,2,3.7
1,2010-09-29,64,48,55,moderate,0.0,29.09,29.81,5.4,22,5.7
1,2010-09-30,63,49,55,moderate,0.0,29.23,29.93,8.3,36,9.3
1,2010-10-01,61,44,52,RA BR,0.08,29.31,30.04,4.2,29,6.2
1,2010-10-02,51,41,46,RA,0.26,29.47,30.18,15.2,36,15.4
1,2010-10-03,49,39,44,RA,0.08,29.64,30.36,10.3,1,11.3
1,2010-10-04,49,39,45,moderate,0.0,29.65,30.38,2.4,2,3.6
1,2010-10-05,54,38,46,moderate,0.0,29.59,30.33,1.3,32,3.5
1,2010-10-06,62,44,53,moderate,0.0,29.33,30.07,7.0,28,7.9
1,2010-10-07,63,39,50,moderate,0.0,29.36,30.08,5.8,30,6.2
1,2010-10-08,64,40,52,moderate,0.0,29.31,30.03,7.0,24,7.3
1,2010-10-09,71,52,59,moderate,0.0,29.25,29.98,2.5,24,3.6
1,2010-10-10,71,50,59,moderate,0.0,29.16,29.89,4.0,25,4.1
1,2010-10-11,68,52,58,moderate,0.0,29.12,29.83,2.2,3,4.0
1,2010-10-12,64,54,58,moderate,0.0,29.21,29.92,3.3,6,3.9
1,2010-10-13,57,46,52,TSRA RA,0.1,29.35,30.06,7.2,35,8.6
1,2010-10-14,55,32,45,moderate,0.0,29.21,29.96,7.2,27,9.2
1,2010-10-15,54,41,47,moderate,0.0,29.34,30.06,6.4,1,8.1
1,2010-10-16,56,39,48,BR,0.0,29.31,30.04,8.0,23,9.1
1,2010-10-17,56,36,46,moderate,0.0,29.35,30.08,3.7,1,5.4
1,2010-10-18,52,40,47,moderate,0.0,29.29,30.02,5.0,4,6.2
1,2010-10-19,50,35,43,moderate,0.0,29.23,29.98,6.1,27,7.2
1,2010-10-20,57,35,46,moderate,0.005,29.03,29.76,10.2,26,12.1
1,2010-10-21,47,30,40,moderate,0.0,29.25,29.96,9.4,30,10.0
1,2010-10-22,49,31,42,moderate,0.02,29.34,30.07,5.8,21,6.5
1,2010-10-23,60,47,53,RA BR,0.1,29.2,29.94,10.0,21,11.4
1,2010-10-24,63,53,57,RA BR,0.05,28.98,29.74,8.4,21,9.6
1,2010-10-25,64,56,60,BR,0.0,28.74,29.5,11.6,19,12.4
1,2010-10-26,62,47,53,RA BR,0.24,28.55,29.25,24.1,21,26.3
1,2010-10-27,54,32,44,moderate,0.0,28.92,29.59,21.8,24,23.2
1,2010-10-28,43,31,38,moderate,0.005,29.43,30.1,13.7,28,14.1
1,2010-10-29,41,27,36,moderate,0.0,29.48,30.24,6.2,24,8.9
1,2010-10-30,53,32,42,moderate,0.0,29.14,29.88,6.5,25,13.3
1,2010-10-31,44,30,38,moderate,0.0,29.49,30.2,5.8,1,6.9
1,2011-05-01,55,37,47,moderate,0.0,29.26,29.95,11.4,26,11.9
1,2011-05-02,51,31,42,moderate,0.0,29.46,30.17,5.3,36,9.9
1,2011-05-03,44,31,38,RA,0.005,29.5,30.23,6.7,3,7.6
1,2011-05-04,48,29,40,moderate,0.0,29.63,30.37,4.6,3,7.6
1,2011-05-05,49,40,46,RA BR,0.06,29.33,30.12,10.9,20,11.5
1,2011-05-06,56,39,48,RA,0.005,29.11,29.87,6.8,28,7.8
1,2011-05-07,52,44,48,moderate,0.005,29.13,29.85,5.1,5,6.9
1,2011-05-08,54,43,49,moderate,0.0,29.27,29.98,6.6,6,7.2
1,2011-05-09,60,45,53,RA,0.005,29.15,29.89,14.3,11,14.7
1,2011-05-10,76,61,66,moderate,0.0,29.0,29.72,6.2,14,8.6
1,2011-05-11,75,66,68,TS TSRA BR HZ,0.13,29.1,29.8,3.5,14,6.6
1,2011-05-12,72,63,66,TS TSRA BR,0.29,29.08,29.79,5.6,19,8.1
1,2011-05-13,62,54,56,RA BR,0.02,29.0,29.73,10.1,3,11.0
1,2011-05-14,49,47,48,RA BR,0.31,29.01,29.73,16.7,2,16.9
1,2011-05-15,44,36,41,RA BR,0.31,29.15,29.86,21.4,2,21.4
1,2011-05-16,45,30,40,moderate,0.0,29.28,30.01,13.5,2,13.9
1,2011-05-17,50,33,43,moderate,0.0,29.21,29.96,12.2,3,12.7
1,2011-05-18,53,48,49,RA DZ BR,0.07,29.16,29.89,6.2,2,7.1
1,2011-05-19,61,53,56,BR HZ,0.0,29.29,30.0,3.6,2,5.8
1,2011-05-20,62,54,57,BR,0.0,29.3,30.03,5.5,6,6.0
1,2011-05-21,63,59,62,BR,0.01,29.13,29.87,7.0,15,8.1
1,2011-05-22,74,60,64,TSRA RA BR,0.58,28.95,29.7,10.3,19,11.4
1,2011-05-23,70,59,64,moderate,0.005,28.92,29.62,10.0,25,11.3
1,2011-05-24,57,47,51,moderate,0.11,29.15,29.86,12.0,4,12.4
1,2011-05-25,57,52,53,TSRA RA BR,2.24,28.92,29.67,10.7,3,11.7
1,2011-05-26,46,40,43,RA BR,1.06,29.15,29.84,17.7,2,17.8
1,2011-05-27,49,41,46,RA,0.005,29.21,29.93,7.3,5,8.7
1,2011-05-28,57,55,55,RA BR,0.12,29.1,29.83,6.0,18,6.7
1,2011-05-29,61,59,60,TS RA FG+ FG BR,1.88,29.16,29.86,3.6,11,5.7
1,2011-05-30,72,65,69,moderate,0.0,29.26,29.97,12.4,20,12.8
1,2011-05-31,77,64,68,TS,0.08,29.34,30.04,12.4,22,13.2
1,2011-06-01,70,49,59,moderate,0.0,29.44,30.17,10.7,27,10.5
1,2011-06-02,63,44,53,RA,0.02,29.45,30.19,9.0,6,9.4
1,2011-06-03,71,62,67,moderate,0.01,29.31,30.04,10.8,17,11.5
1,2011-06-04,78,64,68,TSRA,0.18,29.31,30.02,1.4,26,8.5
1,2011-06-05,73,55,62,moderate,0.005,29.36,30.08,3.1,7,5.4
1,2011-06-06,77,64,69,moderate,0.0,29.15,29.89,8.5,20,9.7
1,2011-06-07,86,65,72,moderate,0.0,29.11,29.82,10.3,23,10.6
1,2011-06-08,81,64,71,TSRA,0.17,29.13,29.81,11.6,24,13.4
1,2011-06-09,60,52,55,TSRA RA BR,0.93,29.28,30.0,8.0,4,12.5
1,2011-06-10,60,56,57,RA BR HZ,0.52,29.21,29.94,6.4,3,8.0
1,2011-06-11,57,54,55,RA DZ FG+ FG BR,0.03,29.24,29.95,4.7,5,5.7
1,2011-06-12,57,45,52,BR,0.0,29.38,30.1,8.3,3,8.9
1,2011-06-13,63,43,53,moderate,0.0,29.39,30.11,7.5,6,7.8
1,2011-06-14,65,49,56,moderate,0.0,29.25,30.01,7.8,9,8.6
1,2011-06-15,64,59,61,TSRA RA BR,0.8,29.0,29.73,9.2,15,11.2
1,2011-06-16,71,59,63,RA BR,0.04,29.05,29.76,5.5,29,7.5
1,2011-06-17,71,60,64,moderate,0.0,29.13,29.83,5.8,6,6.6
1,2011-06-18,73,62,65,moderate,0.0,29.1,29.82,4.6,6,6.4
1,2011-06-19,72,65,68,moderate,0.0,29.03,29.75,4.1,11,5.2
1,2011-06-20,72,67,69,TSRA RA BR,0.18,29.01,29.72,6.2,16,8.1
1,2011-06-21,78,70,72,RA BR SQ,0.45,28.92,29.64,11.5,18,12.1
1,2011-06-22,69,63,65,RA,0.02,28.89,29.59,12.6,21,13.4
1,2011-06-23,67,59,62,RA BR,0.01,28.9,29.6,11.4,26,12.7
1,2011-06-24,64,56,59,moderate,0.0,29.08,29.76,9.4,29,9.6
1,2011-06-25,69,53,60,moderate,0.0,29.21,29.92,2.5,10,4.6
1,2011-06-26,69,53,60,moderate,0.0,29.23,29.94,5.8,9,6.9
1,2011-06-27,73,63,67,RA HZ,0.03,29.08,29.8,6.9,21,10.8
1,2011-06-28,72,54,61,moderate,0.0,29.28,29.98,9.1,30,9.6
1,2011-06-29,70,56,62,moderate,0.0,29.35,30.06,3.7,8,5.4
1,2011-06-30,74,62,67,moderate,0.005,29.28,30.0,8.2,17,9.4
1,2011-07-01,81,62,68,moderate,0.0,29.24,29.96,14.3,18,14.9
1,2011-07-02,83,70,74,BR,0.0,29.25,29.95,3.9,24,8.3
1,2011-07-03,77,57,65,moderate,0.0,29.28,29.98,4.7,2,5.9
1,2011-07-04,77,55,64,moderate,0.0,29.26,29.97,2.9,5,4.3
1,2011-07-05,80,60,68,moderate,0.0,29.25,29.96,5.2,28,6.2
1,2011-07-06,78,61,67,moderate,0.005,29.27,29.97,5.7,4,7.5
1,2011-07-07,73,53,62,RA,0.005,29.22,29.95,5.1,7,6.2
1,2011-07-08,74,51,62,moderate,0.0,29.17,29.88,5.1,6,6.0
1,2011-07-09,76,58,66,moderate,0.0,29.21,29.92,5.2,19,5.9
1,2011-07-10,83,68,72,HZ,0.005,29.18,29.89,9.3,19,9.7
1,2011-07-11,80,71,74,HZ,0.39,29.12,29.82,5.5,25,8.5
1,2011-07-12,79,63,69,RA,0.01,29.25,29.94,5.6,2,7.7
1,2011-07-13,69,57,62,moderate,0.0,29.35,30.06,10.5,4,10.9
1,2011-07-14,71,56,63,moderate,0.0,29.3,30.02,6.5,10,8.0
1,2011-07-15,79,60,66,moderate,0.005,29.27,29.98,5.4,9,6.7
1,2011-07-16,80,61,68,RA,0.005,29.32,30.02,3.4,19,4.3
1,2011-07-17,82,69,74,moderate,0.0,29.35,30.06,6.2,22,6.4
1,2011-07-18,86,75,78,RA HZ,0.01,29.23,29.96,10.6,25,10.8
1,2011-07-19,86,72,76,moderate,0.0,29.17,29.89,4.5,7,6.2
1,2011-07-20,86,73,77,BR HZ,0.02,29.08,29.8,9.0,23,10.7
1,2011-07-21,87,70,76,TS,0.02,29.1,29.8,6.2,28,8.8
1,2011-07-22,79,70,73,TS TSRA RA BR,1.55,29.18,29.88,1.7,9,9.0
1,2011-07-23,79,70,73,TS TSRA RA BR,6.86,29.23,29.95,0.8,30,5.3
1,2011-07-24,80,70,73,TS TSRA BR,0.18,29.26,29.97,1.5,23,6.4
1,2011-07-25,81,66,71,moderate,0.0,29.2,29.91,3.4,32,6.5
1,2011-07-26,77,63,68,moderate,0.0,29.18,29.88,6.3,5,8.5
1,2011-07-27,79,66,70,TS TSRA,0.71,29.13,29.85,6.2,16,9.5
1,2011-07-28,80,71,74,TSRA RA BR,0.7,29.2,29.89,3.2,23,6.8
1,2011-07-29,79,67,71,BR,0.7,29.28,29.98,4.3,4,5.9
1,2011-07-30,79,64,70,moderate,0.0,29.35,30.05,2.4,13,3.4
1,2011-07-31,79,69,73,moderate,0.0,29.35,30.06,4.9,25,5.0
1,2011-08-01,83,72,75,moderate,0.0,29.28,29.99,4.2,27,4.9
1,2011-08-02,84,73,76,moderate,0.43,29.04,29.77,8.3,21,9.1
1,2011-08-03,79,67,71,moderate,0.0,29.11,29.81,6.9,2,8.0
1,2011-08-04,77,66,69,moderate,0.0,29.25,29.94,5.3,5,6.0
1,2011-08-05,76,68,71,RA,0.005,29.21,29.93,4.0,5,5.5
1,2011-08-06,79,70,72,RA BR,0.18,29.1,29.82,2.5,5,4.0
1,2011-08-07,77,69,71,TSRA BR,0.75,29.03,29.75,4.6,27,6.4
1,2011-08-08,74,67,69,RA BR,0.63,29.0,29.72,4.0,4,6.2
1,2011-08-09,72,61,66,BR,0.0,28.97,29.67,10.8,28,11.1
1,2011-08-10,69,54,61,moderate,0.0,29.14,29.84,7.3,31,8.7
1,2011-08-11,69,54,61,moderate,0.0,29.25,29.95,2.0,24,3.0
1,2011-08-12,71,59,64,moderate,0.0,29.22,29.94,8.3,19,8.5
1,2011-08-13,73,64,66,RA,0.75,29.15,29.86,3.6,27,6.7
1,2011-08-14,69,60,63,RA,0.005,29.24,29.95,10.4,36,11.7
1,2011-08-15,70,55,62,moderate,0.0,29.28,29.98,2.4,2,4.9
1,2011-08-16,73,58,64,moderate,0.0,29.32,30.03,2.9,18,3.9
1,2011-08-17,73,63,67,moderate,0.0,29.31,30.02,5.6,22,6.0
1,2011-08-18,76,60,66,moderate,0.0,29.23,29.96,2.3,4,5.2
1,2011-08-19,76,63,68,moderate,0.0,29.18,29.89,3.3,14,5.2
1,2011-08-20,73,67,69,RA FG BR,1.11,29.22,29.92,1.3,21,3.4
1,2011-08-21,72,58,63,RA,0.005,29.26,29.97,8.0,32,8.5
1,2011-08-22,71,59,64,moderate,0.0,29.3,30.02,1.6,26,4.1
1,2011-08-23,68,63,65,TSRA BR,0.65,29.1,29.86,9.1,20,9.8
1,2011-08-24,81,65,70,BR,0.0,28.99,29.7,8.2,27,10.7
1,2011-08-25,74,59,64,moderate,0.0,29.26,29.95,4.1,36,7.3
1,2011-08-26,71,58,63,moderate,0.0,29.26,29.98,1.9,26,3.3
1,2011-08-27,73,62,66,moderate,0.0,29.21,29.93,8.2,2,9.2
1,2011-08-28,69,57,61,moderate,0.0,29.22,29.93,7.0,2,7.9
1,2011-08-29,69,56,62,moderate,0.0,29.31,30.01,1.4,2,3.5
1,2011-08-30,69,56,62,RA,0.04,29.33,30.03,5.3,15,6.3
1,2011-08-31,76,64,68,RA,0.005,29.23,29.95,5.4,17,8.3
1,2011-09-01,82,71,75,moderate,0.0,29.2,29.91,5.2,21,5.9
1,2011-09-02,84,69,74,HZ,0.0,29.18,29.89,4.9,22,7.4
1,2011-09-03,79,67,71,RA BR HZ,0.02,29.16,29.87,2.5,29,6.2
1,2011-09-04,66,54,60,moderate,0.0,29.24,29.94,10.5,32,11.5
1,2011-09-05,59,45,52,moderate,0.0,29.39,30.1,14.2,1,14.8
1,2011-09-06,59,46,52,moderate,0.0,29.44,30.16,9.5,3,10.1
1,2011-09-07,61,47,54,moderate,0.0,29.42,30.16,10.2,1,10.8
1,2011-09-09,66,60,62,RA,0.02,29.23,29.96,8.2,4,8.3
1,2011-09-10,67,59,62,BR,0.0,29.29,30.0,0.9,14,3.1
1,2011-09-11,70,59,63,BR,0.0,29.27,29.99,5.1,27,5.5
1,2011-09-12,75,59,65,moderate,0.0,29.18,29.91,10.5,23,10.9
1,2011-09-13,65,54,59,BR HZ FU,0.0,29.2,29.9,4.9,31,8.7
1,2011-09-14,53,43,49,RA BR HZ FU,0.08,29.39,30.09,6.3,34,7.3
1,2011-09-15,51,35,44,moderate,0.0,29.61,30.33,7.4,1,8.5
1,2011-09-16,52,40,47,moderate,0.0,29.59,30.33,1.4,8,3.3
1,2011-09-17,59,45,52,moderate,0.0,29.53,30.27,7.7,11,8.9
1,2011-09-18,60,55,57,RA DZ BR,0.43,29.34,30.11,8.9,15,9.5
1,2011-09-19,62,58,60,RA BR,0.24,29.24,29.96,4.1,29,5.8
1,2011-09-21,64,49,56,RA,0.005,29.23,29.95,10.2,25,11.0
1,2011-09-22,58,47,52,moderate,0.0,29.36,30.08,4.6,27,6.9
1,2011-09-23,55,44,49,moderate,0.0,29.33,30.06,5.9,36,7.0
1,2011-09-24,57,49,51,RA BR,0.14,29.26,29.99,3.6,3,4.6
1,2011-09-25,58,53,55,RA,0.08,29.13,29.87,4.1,14,5.5
1,2011-09-26,57,51,53,RA BR,1.21,28.92,29.65,8.8,18,15.4
1,2011-09-27,59,53,55,RA BR,0.31,29.0,29.71,4.3,6,8.3
1,2011-09-28,58,54,55,RA BR,0.77,29.07,29.78,6.5,32,7.0
1,2011-09-29,58,51,53,RA BR,0.06,28.98,29.7,11.7,28,13.5
1,2011-09-30,51,41,47,RA,0.09,29.32,30.01,14.6,34,15.0
1,2011-10-01,49,40,45,moderate,0.005,29.53,30.26,9.6,36,10.3
1,2011-10-02,54,38,46,moderate,0.0,29.47,30.22,4.7,32,5.4
1,2011-10-03,57,45,50,moderate,0.0,29.48,30.21,3.4,3,5.0
1,2011-10-04,60,47,52,moderate,0.0,29.52,30.25,1.1,16,2.3
1,2011-10-05,65,48,55,moderate,0.0,29.49,30.22,1.9,18,3.2
1,2011-10-06,66,51,58,moderate,0.0,29.5,30.23,3.8,15,4.6
1,2011-10-07,69,53,59,moderate,0.0,29.52,30.25,7.5,18,7.7
1,2011-10-08,68,54,60,moderate,0.0,29.56,30.27,7.2,19,7.6
1,2011-10-09,66,51,58,moderate,0.0,29.55,30.29,2.8,9,3.8
1,2011-10-10,65,51,57,moderate,0.0,29.39,30.13,5.2,16,6.0
1,2011-10-11,68,54,60,moderate,0.0,29.23,29.97,4.1,15,4.9
1,2011-10-12,67,52,58,moderate,0.0,29.03,29.77,7.0,14,8.1
1,2011-10-13,59,55,58,RA BR,0.28,28.81,29.54,4.3,26,7.0
1,2011-10-14,55,41,48,moderate,0.0,28.9,29.6,15.4,28,15.6
1,2011-10-15,55,36,46,moderate,0.0,29.1,29.8,14.8,27,15.3
1,2011-10-16,55,39,46,RA,0.17,29.08,29.81,7.4,28,8.5
1,2011-10-17,50,33,42,moderate,0.0,29.11,29.85,10.2,26,10.4
1,2011-10-18,48,37,43,RA,0.06,29.09,29.83,6.4,1,8.5
1,2011-10-19,47,40,44,RA BR,0.85,28.93,29.69,17.1,36,18.0
1,2011-10-20,45,37,42,RA,0.08,29.0,29.69,15.8,32,16.1
1,2011-10-21,47,34,41,moderate,0.0,29.32,30.03,4.6,29,5.4
1,2011-10-22,50,37,44,moderate,0.0,29.28,30.02,3.2,23,3.7
1,2011-10-23,53,41,48,TSRA RA BR,0.2,29.19,29.93,6.1,22,6.9
1,2011-10-24,54,39,46,moderate,0.0,29.34,30.05,5.7,28,7.3
1,2011-10-25,60,46,53,RA,0.02,29.11,29.86,7.6,19,11.9
1,2011-10-26,50,42,46,moderate,0.0,29.19,29.91,12.4,36,12.6
1,2011-10-27,46,37,42,RA,0.12,29.34,30.04,3.6,35,5.8
1,2011-10-28,45,33,40,moderate,0.03,29.36,30.1,4.9,22,5.6
1,2011-10-29,45,30,38,moderate,0.0,29.34,30.07,4.6,28,5.2
1,2011-10-30,45,36,41,RA BR,0.17,29.27,30.02,10.6,19,11.1
1,2011-10-31,45,36,40,BR,0.0,29.34,30.06,3.9,25,4.8
1,2012-05-01,57,52,55,RA BR HZ,0.09,29.18,29.92,6.2,12,7.7
1,2012-05-02,69,60,64,FG+ BR,0.0,29.12,29.84,8.1,21,10.1
1,2012-05-03,76,65,69,TS TSRA,1.34,29.16,29.86,10.8,21,12.0
1,2012-05-04,64,55,58,TSRA BR HZ,0.28,29.23,29.94,5.2,5,9.2
1,2012-05-05,56,52,54,RA BR HZ,0.005,29.29,30.01,8.0,4,8.3
1,2012-05-06,61,53,56,TS TSRA RA BR,0.8,29.22,29.94,5.0,6,8.5
1,2012-05-07,58,55,57,TSRA RA FG+ FG BR HZ,0.47,29.15,29.87,2.3,34,5.4
1,2012-05-08,61,45,53,BR,0.0,29.13,29.86,8.3,28,8.9
1,2012-05-09,54,43,49,RA,0.06,29.2,29.92,4.2,1,7.6
1,2012-05-10,57,34,46,moderate,0.0,29.29,30.0,3.2,5,7.5
1,2012-05-11,61,40,52,moderate,0.0,29.36,30.08,9.3,20,9.5
1,2012-05-12,61,42,51,RA,0.03,29.51,30.22,5.7,3,9.3
1,2012-05-13,61,31,48,moderate,0.0,29.45,30.18,7.4,4,7.8
1,2012-05-14,63,36,51,moderate,0.0,29.31,30.05,2.5,19,5.2
1,2012-05-15,72,45,57,TS RA,0.05,29.18,29.9,6.9,25,12.6
1,2012-05-16,58,33,46,moderate,0.0,29.38,30.09,9.6,5,10.5
1,2012-05-17,60,39,50,moderate,0.0,29.38,30.1,5.3,11,5.8
1,2012-05-18,69,41,54,moderate,0.0,29.29,30.02,8.7,16,9.2
1,2012-05-19,76,53,62,moderate,0.0,29.29,30.0,8.2,17,9.1
1,2012-05-20,79,57,65,TSRA RA,0.14,29.28,29.98,8.2,22,11.6
1,2012-05-21,61,44,52,moderate,0.0,29.39,30.11,11.6,1,12.6
1,2012-05-22,61,41,51,moderate,0.0,29.28,30.02,6.1,5,7.2
1,2012-05-23,65,42,54,moderate,0.0,29.1,29.84,6.6,16,6.9
1,2012-05-24,77,53,63,moderate,0.0,28.97,29.69,17.5,18,17.7
1,2012-05-25,74,49,59,moderate,0.0,29.31,29.98,3.4,3,10.0
1,2012-05-26,73,54,61,RA,0.005,29.37,30.07,9.6,7,11.2
1,2012-05-27,84,59,68,moderate,0.0,29.16,29.9,8.7,18,10.1
1,2012-05-28,86,60,69,moderate,0.005,29.03,29.75,13.4,22,14.0
1,2012-05-29,73,46,59,moderate,0.0,29.1,29.81,11.1,28,12.2
1,2012-05-30,62,46,53,moderate,0.0,29.22,29.91,5.4,36,9.6
1,2012-05-31,51,45,48,RA BR,1.12,29.2,29.95,10.3,4,11.0
1,2012-06-01,57,43,49,RA,0.01,29.07,29.8,7.3,36,9.9
1,2012-06-02,63,46,55,moderate,0.0,29.03,29.75,10.6,26,10.8
1,2012-06-03,69,48,58,moderate,0.005,29.1,29.81,9.5,28,9.7
1,2012-06-04,67,47,56,moderate,0.005,29.18,29.89,7.5,4,8.2
1,2012-06-05,64,49,56,moderate,0.0,29.29,30.0,8.9,4,9.2
1,2012-06-06,64,46,55,moderate,0.0,29.36,30.07,6.2,4,6.5
1,2012-06-07,68,44,56,moderate,0.0,29.38,30.09,2.2,10,4.5
1,2012-06-08,71,49,60,moderate,0.0,29.26,29.99,7.2,25,7.7
1,2012-06-09,78,50,62,moderate,0.0,29.18,29.9,9.3,22,10.1
1,2012-06-10,80,56,66,moderate,0.0,29.2,29.9,11.9,19,12.3
1,2012-06-11,80,62,68,RA,0.005,29.12,29.82,8.9,23,11.1
1,2012-06-12,69,46,57,moderate,0.0,29.34,30.03,7.0,33,10.5
1,2012-06-13,63,45,55,moderate,0.0,29.43,30.15,7.2,8,7.5
1,2012-06-14,72,48,59,moderate,0.0,29.34,30.08,7.9,13,9.0
1,2012-06-15,77,49,62,moderate,0.0,29.33,30.04,8.2,16,9.7
1,2012-06-16,82,60,68,RA BR,0.31,29.23,29.95,10.0,20,11.3
1,2012-06-17,78,59,66,RA BR,0.11,29.13,29.85,5.7,23,7.1
1,2012-06-18,82,65,71,moderate,0.0,29.03,29.73,16.8,21,17.2
1,2012-06-19,87,65,72,moderate,0.0,29.21,29.89,14.9,21,15.5
1,2012-06-20,86,62,71,moderate,0.0,29.22,29.93,15.2,21,15.4
1,2012-06-21,78,59,66,RA,0.01,29.21,29.91,7.5,27,9.8
1,2012-06-22,76,52,62,moderate,0.0,29.26,29.97,2.6,34,6.6
1,2012-06-23,75,55,64,moderate,0.0,29.28,30.0,3.2,8,5.7
1,2012-06-24,80,57,65,moderate,0.0,29.25,29.96,3.1,4,7.0
1,2012-06-25,68,49,58,moderate,0.0,29.35,30.06,13.6,4,14.0
1,2012-06-26,70,50,59,moderate,0.0,29.27,30.0,3.5,9,4.9
1,2012-06-27,75,51,63,moderate,0.0,29.13,29.87,12.1,20,12.4
1,2012-06-28,88,69,74,TSRA HZ,0.04,29.08,29.78,6.4,26,8.4
1,2012-06-29,79,61,67,TS TSRA RA,0.42,29.16,29.84,2.4,4,6.9
1,2012-06-30,81,67,72,moderate,0.0,29.11,29.82,6.0,24,6.6
1,2012-07-01,80,67,71,moderate,0.005,29.23,29.92,3.1,23,5.4
1,2012-07-02,85,69,74,BR HZ,0.0,29.21,29.93,4.4,23,5.2
1,2012-07-03,87,67,74,moderate,0.0,29.13,29.85,9.4,25,9.9
1,2012-07-04,91,68,75,moderate,0.0,29.15,29.85,9.4,25,9.6
1,2012-07-05,91,69,75,TSRA,0.28,29.2,29.89,5.5,24,7.5
1,2012-07-06,93,71,77,moderate,0.0,29.21,29.92,6.5,27,7.3
1,2012-07-07,86,67,72,moderate,0.0,29.26,29.96,7.9,2,11.9
1,2012-07-08,77,56,65,moderate,0.0,29.34,30.04,11.3,3,11.5
1,2012-07-09,79,57,65,moderate,0.0,29.33,30.03,4.7,5,6.8
1,2012-07-10,75,55,64,moderate,0.0,29.39,30.1,9.9,4,10.1
1,2012-07-11,76,57,65,moderate,0.0,29.39,30.1,5.8,9,8.1
1,2012-07-12,79,54,65,moderate,0.0,29.35,30.06,6.4,11,8.0
1,2012-07-13,82,63,69,TS TSRA RA BR,0.28,29.31,30.03,3.4,15,6.2
1,2012-07-14,80,65,70,moderate,0.005,29.3,30.02,2.0,25,6.4
1,2012-07-15,83,66,71,moderate,0.0,29.29,30.01,2.2,27,7.4
1,2012-07-16,85,66,72,moderate,0.0,29.19,29.91,7.1,24,7.6
1,2012-07-17,89,67,74,moderate,0.0,29.13,29.83,8.6,26,9.8
1,2012-07-18,83,71,74,TS TSRA RA BR,0.85,29.18,29.89,6.0,6,8.3
1,2012-07-19,77,70,72,TSRA RA BR,0.8,29.2,29.9,5.2,4,10.9
1,2012-07-20,75,59,65,moderate,0.0,29.34,30.04,9.5,4,10.1
1,2012-07-21,76,63,69,moderate,0.0,29.34,30.05,4.3,24,4.9
1,2012-07-22,79,66,70,moderate,0.005,29.31,30.04,5.9,21,6.4
1,2012-07-23,89,68,74,RA,0.005,29.2,29.91,9.8,24,10.5
1,2012-07-24,77,65,70,TSRA RA,0.54,29.24,29.94,6.6,5,7.8
1,2012-07-25,85,67,73,RA,0.01,28.99,29.73,9.3,20,12.2
1,2012-07-26,79,69,72,TSRA RA,0.71,29.0,29.7,6.4,25,9.1
1,2012-07-27,76,64,68,moderate,0.03,29.17,29.84,5.4,34,8.6
1,2012-07-28,75,60,66,moderate,0.0,29.38,30.07,6.2,6,7.9
1,2012-07-29,74,59,66,RA,0.005,29.31,30.03,4.4,15,5.5
1,2012-07-30,81,62,69,moderate,0.0,29.19,29.91,5.7,21,7.0
1,2012-07-31,77,65,69,moderate,0.16,29.21,29.91,4.2,6,7.0
1,2012-08-01,79,64,69,moderate,0.0,29.19,29.91,1.7,19,3.6
1,2012-08-02,80,63,69,moderate,0.0,29.13,29.85,1.5,11,6.5
1,2012-08-03,83,67,72,BR,0.0,29.16,29.86,4.9,7,6.3
1,2012-08-04,82,69,72,TS TSRA,0.37,29.15,29.85,3.8,20,6.0
1,2012-08-05,75,59,66,moderate,0.0,29.35,30.04,7.0,31,9.1
1,2012-08-06,74,56,64,moderate,0.0,29.35,30.07,3.2,24,4.3
1,2012-08-07,77,60,68,moderate,0.0,29.21,29.94,7.0,25,8.3
1,2012-08-08,78,62,68,RA,0.005,29.24,29.96,8.3,5,8.6
1,2012-08-09,69,63,65,RA BR,0.05,29.16,29.88,7.3,4,9.6
1,2012-08-10,69,55,60,TSRA RA BR,0.18,29.2,29.91,13.2,36,14.2
1,2012-08-11,67,53,59,moderate,0.0,29.26,29.97,6.5,35,8.5
1,2012-08-12,66,54,60,moderate,0.005,29.27,29.99,3.4,22,3.8
1,2012-08-13,65,61,63,RA BR,0.4,29.24,29.96,0.3,2,3.4
1,2012-08-14,70,60,64,BR,0.005,29.2,29.92,0.6,6,4.8
1,2012-08-15,75,60,66,moderate,0.005,29.19,29.91,5.7,23,6.3
1,2012-08-16,69,61,65,TSRA BR,0.39,29.13,29.84,7.0,25,10.7
1,2012-08-17,67,51,58,moderate,0.0,29.27,29.98,4.9,33,7.4
1,2012-08-18,65,51,58,moderate,0.0,29.26,29.98,2.6,14,4.5
1,2012-08-19,70,50,58,moderate,0.0,29.22,29.94,1.5,7,3.6
1,2012-08-20,66,56,60,TSRA RA,0.08,29.25,29.96,3.5,5,6.2
1,2012-08-21,66,50,58,moderate,0.0,29.35,30.06,2.6,13,4.6
1,2012-08-22,70,52,60,moderate,0.0,29.35,30.07,5.5,19,5.8
1,2012-08-23,78,56,64,RA,0.03,29.33,30.04,7.6,18,8.1
1,2012-08-24,79,57,66,moderate,0.0,29.28,29.99,8.2,19,8.8
1,2012-08-25,80,57,66,moderate,0.0,29.29,30.01,7.4,18,7.9
1,2012-08-26,73,67,68,RA BR,0.57,29.29,30.01,6.1,18,7.1
1,2012-08-27,77,61,67,BR,0.0,29.33,30.03,4.6,1,6.0
1,2012-08-28,75,61,65,moderate,0.0,29.37,30.08,3.6,7,5.2
1,2012-08-29,75,59,65,moderate,0.0,29.33,30.05,4.8,13,5.8
1,2012-08-30,77,59,66,moderate,0.0,29.28,29.99,10.2,20,10.5
1,2012-08-31,82,64,70,moderate,0.0,29.32,30.02,4.9,24,10.4
1,2012-09-01,73,66,69,RA,0.005,29.29,30.01,12.1,5,11.9
1,2012-09-02,78,69,71,moderate,0.005,29.19,29.91,10.4,6,10.7
1,2012-09-04,78,69,72,TSRA RA BR,0.64,29.13,29.86,2.8,7,8.6
1,2012-09-05,75,64,68,RA,0.16,29.11,29.8,3.3,23,7.1
1,2012-09-06,77,61,67,moderate,0.0,29.18,29.89,3.2,34,6.6
1,2012-09-07,69,60,64,RA BR,0.06,29.11,29.82,4.7,34,9.6
1,2012-09-08,64,50,56,RA,0.28,29.14,29.86,9.5,31,11.6
1,2012-09-09,64,51,56,moderate,0.0,29.35,30.04,8.1,35,9.4
1,2012-09-10,64,50,56,moderate,0.0,29.42,30.14,5.9,19,6.5
1,2012-09-11,68,53,60,moderate,0.0,29.38,30.1,11.1,20,11.5
1,2012-09-12,75,56,63,moderate,0.0,29.4,30.11,10.0,21,10.3
1,2012-09-13,63,53,57,RA,0.19,29.54,30.25,8.7,36,10.0
1,2012-09-14,64,46,54,moderate,0.0,29.57,30.29,6.6,30,7.7
1,2012-09-15,65,46,55,moderate,0.0,29.47,30.21,1.7,17,4.0
1,2012-09-16,63,47,55,moderate,0.0,29.3,30.04,4.7,22,5.0
1,2012-09-17,67,56,59,TSRA RA BR,0.26,29.1,29.84,4.8,26,9.0
1,2012-09-18,55,39,47,moderate,0.005,29.21,29.92,11.8,33,12.2
1,2012-09-19,57,40,50,moderate,0.0,29.19,29.93,15.9,20,16.1
1,2012-09-20,62,39,50,moderate,0.0,29.16,29.89,8.4,28,8.9
1,2012-09-21,54,46,50,RA,0.15,29.13,29.86,1.9,29,6.6
1,2012-09-22,52,41,46,RA,0.02,29.29,29.99,10.3,29,11.0
1,2012-09-23,51,35,43,moderate,0.0,29.49,30.21,6.2,30,6.6
1,2012-09-24,54,34,46,moderate,0.0,29.28,30.05,11.3,23,11.5
1,2012-09-25,63,52,57,moderate,0.0,29.13,29.86,8.6,21,9.1
1,2012-09-26,61,50,54,moderate,0.0,29.34,30.03,9.4,3,9.8
1,2012-09-27,56,46,51,moderate,0.0,29.44,30.16,8.3,36,9.0
1,2012-09-28,59,48,52,RA,0.005,29.4,30.13,7.5,1,8.9
1,2012-09-29,64,46,53,moderate,0.0,29.29,30.03,2.4,34,5.9
1,2012-09-30,58,46,51,moderate,0.0,29.23,29.96,7.2,3,8.1
1,2012-10-01,57,46,52,moderate,0.0,29.13,29.87,3.8,6,4.8
1,2012-10-02,61,50,55,moderate,0.0,29.15,29.86,9.6,3,9.9
1,2012-10-03,61,59,60,RA DZ BR,0.26,29.23,29.94,2.8,22,4.8
1,2012-10-04,63,52,56,RA,0.12,29.31,30.02,10.1,24,11.7
1,2012-10-05,45,31,40,moderate,0.0,29.36,30.09,8.4,28,8.9
1,2012-10-06,42,28,37,moderate,0.0,29.41,30.13,9.5,30,9.8
1,2012-10-07,44,24,36,moderate,0.0,29.41,30.14,6.1,28,7.6
1,2012-10-08,46,29,40,moderate,0.0,29.32,30.07,13.9,20,13.8
1,2012-10-09,54,38,45,RA BR,0.17,29.15,29.9,13.1,22,16.7
1,2012-10-10,43,31,38,moderate,0.0,29.36,30.08,12.1,28,12.7
1,2012-10-11,51,35,44,RA,0.02,29.4,30.11,9.0,23,15.0
1,2012-10-12,45,32,40,moderate,0.005,29.61,30.35,6.1,7,10.6
1,2012-10-13,56,52,54,RA DZ BR,0.21,29.18,29.95,11.9,20,12.6
1,2012-10-14,60,55,57,TSRA RA BR,0.77,28.89,29.62,10.8,24,15.6
1,2012-10-15,51,41,46,moderate,0.0,29.21,29.89,5.4,32,9.0
1,2012-10-16,55,45,51,moderate,0.0,28.97,29.72,14.0,18,14.4
1,2012-10-17,61,52,56,RA BR,0.51,28.71,29.45,15.6,19,17.7
1,2012-10-18,50,41,45,RA,0.07,28.71,29.43,13.7,22,15.1
1,2012-10-19,48,43,45,RA DZ,0.02,28.81,29.51,4.2,26,7.0
1,2012-10-20,49,40,44,moderate,0.0,29.1,29.8,6.9,27,7.2
1,2012-10-21,53,45,49,moderate,0.0,29.25,29.97,6.2,16,6.5
1,2012-10-22,57,56,57,TSRA RA BR,0.81,29.18,29.92,4.0,20,6.5
1,2012-10-23,64,60,61,RA BR,0.06,29.18,29.9,4.4,16,7.0
1,2012-10-24,68,62,65,moderate,0.0,29.15,29.88,11.5,19,11.2
1,2012-10-25,60,56,59,RA,0.13,29.11,29.81,11.8,22,17.6
1,2012-10-26,44,30,39,moderate,0.0,29.54,30.25,8.9,34,9.7
1,2012-10-27,41,27,36,moderate,0.0,29.54,30.28,9.6,36,10.5
1,2012-10-28,44,30,38,moderate,0.0,29.52,30.27,12.8,1,13.6
1,2012-10-29,44,30,38,moderate,0.0,29.43,30.2,14.3,36,15.0
1,2012-10-30,44,26,36,moderate,0.0,29.08,29.85,19.4,35,18.5
1,2012-10-31,42,26,35,moderate,0.0,29.09,29.83,13.5,33,13.8
1,2013-05-01,70,54,62,moderate,0.0,29.36,30.06,8.0,18,9.7
1,2013-05-02,49,41,45,RA,0.11,29.44,30.17,15.2,3,15.4
1,2013-05-03,44,42,43,RA BR,0.05,29.28,30.03,11.2,4,11.5
1,2013-05-04,60,45,51,moderate,0.02,29.26,29.99,6.1,6,7.0
1,2013-05-05,59,43,50,RA,0.005,29.28,30.0,8.8,3,9.3
1,2013-05-06,61,39,49,moderate,0.005,29.28,30.0,7.5,3,8.0
1,2013-05-07,62,41,52,moderate,0.0,29.28,30.0,4.7,5,5.8
1,2013-05-08,64,43,54,moderate,0.0,29.26,29.98,3.7,7,5.1
1,2013-05-09,61,50,54,RA,0.32,29.15,29.9,1.0,9,5.8
1,2013-05-10,46,43,45,RA DZ BR,0.13,29.18,29.91,9.4,36,10.0
1,2013-05-11,52,37,45,moderate,0.0,29.21,29.92,10.1,30,12.7
1,2013-05-12,46,29,39,moderate,0.0,29.35,30.08,7.8,32,11.2
1,2013-05-13,50,32,43,moderate,0.0,29.34,30.09,2.5,9,5.9
1,2013-05-14,71,49,59,moderate,0.0,28.98,29.75,8.4,22,11.7
1,2013-05-15,72,49,59,moderate,0.0,29.07,29.77,3.2,28,8.4
1,2013-05-16,68,46,56,moderate,0.0,29.2,29.89,4.1,7,5.0
1,2013-05-17,63,46,53,moderate,0.005,29.29,30.0,6.1,4,6.8
1,2013-05-18,68,56,61,moderate,0.0,29.26,29.99,5.3,12,6.5
1,2013-05-19,72,61,66,BR HZ,0.0,29.12,29.85,6.2,14,7.6
1,2013-05-20,77,60,67,TSRA RA BR,1.09,29.03,29.73,12.6,22,13.7
1,2013-05-21,73,63,66,RA BR,0.56,28.96,29.67,11.2,20,12.1
1,2013-05-22,63,60,63,TS RA BR,1.35,28.97,29.66,4.5,25,7.4
1,2013-05-23,48,43,46,RA BR,0.06,29.38,30.05,14.5,2,14.8
1,2013-05-24,49,34,42,moderate,0.0,29.62,30.35,7.5,4,8.1
1,2013-05-25,51,37,44,moderate,0.0,29.59,30.34,4.7,5,5.1
1,2013-05-26,56,44,50,RA,0.02,29.47,30.22,5.5,9,7.4
1,2013-05-27,58,53,55,TSRA DZ BR HZ,0.23,29.21,29.97,8.5,9,9.1
1,2013-05-28,66,64,66,TSRA RA BR,0.2,29.06,29.78,8.7,21,10.2
1,2013-05-29,74,64,67,moderate,0.01,29.16,29.88,7.3,20,8.7
1,2013-05-30,74,66,69,TSRA RA,0.51,29.13,29.85,13.4,19,14.6
1,2013-05-31,71,65,67,RA BR,0.3,29.05,29.79,11.7,20,12.1
1,2013-06-01,70,62,64,RA BR,0.56,28.98,29.69,13.1,22,13.0
1,2013-06-02,53,50,51,RA DZ BR,0.01,29.24,29.93,1.8,5,6.2
1,2013-06-03,56,43,50,moderate,0.0,29.34,30.06,3.7,12,4.8
1,2013-06-04,61,45,52,moderate,0.0,29.39,30.11,5.3,7,6.1
1,2013-06-05,64,49,54,RA,0.01,29.24,30.0,6.8,5,8.2
1,2013-06-06,58,50,53,RA,0.15,29.18,29.91,8.9,3,9.1
1,2013-06-07,60,45,52,moderate,0.005,29.2,29.92,9.5,3,9.9
1,2013-06-08,62,43,53,moderate,0.0,29.25,29.96,4.7,7,5.4
1,2013-06-09,68,55,61,RA,0.01,29.15,29.88,6.0,15,8.9
1,2013-06-10,68,63,65,TSRA RA BR HZ,0.26,29.08,29.79,2.7,4,4.3
1,2013-06-11,72,62,67,RA BR,0.005,29.13,29.85,3.2,25,4.5
1,2013-06-12,75,64,67,TS TSRA BR,0.75,29.0,29.74,3.1,8,8.0
1,2013-06-13,66,54,59,BR,0.0,29.23,29.92,11.7,3,12.2
1,2013-06-14,67,51,57,moderate,0.0,29.34,30.05,6.6,6,7.9
1,2013-06-15,69,62,65,RA BR,0.17,29.21,29.95,5.6,21,7.7
1,2013-06-16,78,62,67,moderate,0.0,29.16,29.88,8.3,27,9.2
1,2013-06-17,74,55,63,moderate,0.03,29.18,29.89,3.9,29,8.1
1,2013-06-18,64,52,56,BR,0.0,29.31,30.01,11.4,3,11.6
1,2013-06-19,64,46,55,moderate,0.0,29.39,30.1,5.9,8,6.9
1,2013-06-20,71,58,64,moderate,0.0,29.38,30.1,5.1,12,5.9
1,2013-06-21,75,65,68,RA BR,0.79,29.34,30.04,7.4,19,9.5
1,2013-06-22,74,67,69,RA,0.04,29.3,30.01,3.1,22,8.4
1,2013-06-23,77,68,71,RA,0.84,29.26,29.97,10.7,20,11.5
1,2013-06-24,78,67,69,BR,0.18,29.25,29.95,8.9,23,10.0
1,2013-06-25,76,69,71,TSRA,0.03,29.13,29.86,4.5,19,6.9
1,2013-06-26,73,67,68,TSRA RA BR,1.48,29.05,29.76,2.2,16,7.4
1,2013-06-27,77,67,70,BR,0.92,29.01,29.73,7.2,29,7.2
1,2013-06-28,75,61,66,RA,0.005,28.91,29.63,10.5,31,10.9
1,2013-06-29,68,59,62,BR,0.0,28.97,29.66,12.0,2,12.3
1,2013-06-30,70,52,59,moderate,0.0,29.2,29.88,13.8,2,13.9
1,2013-07-01,67,51,58,moderate,0.0,29.31,30.03,12.6,3,12.3
1,2013-07-02,64,52,57,moderate,0.005,29.33,30.05,11.0,3,11.2
1,2013-07-03,66,60,62,DZ BR HZ,0.02,29.32,30.04,2.2,2,5.3
1,2013-07-04,70,61,64,BR,0.0,29.34,30.05,4.4,20,5.1
1,2013-07-05,73,61,66,moderate,0.0,29.33,30.04,3.7,19,4.8
1,2013-07-06,74,65,68,moderate,0.0,29.29,30.01,4.1,19,4.5
1,2013-07-07,79,67,71,moderate,0.0,29.26,29.97,6.6,21,6.8
1,2013-07-08,78,71,74,TSRA RA BR,0.5,29.24,29.95,7.8,23,8.4
1,2013-07-09,79,74,75,BR,0.005,29.19,29.91,6.9,23,7.3
1,2013-07-10,76,65,70,moderate,0.0,29.2,29.89,6.0,34,8.3
1,2013-07-11,73,54,62,moderate,0.0,29.36,30.06,6.5,3,7.4
1,2013-07-12,71,53,61,moderate,0.0,29.38,30.1,4.0,8,4.8
1,2013-07-13,73,59,65,moderate,0.0,29.41,30.12,6.8,9,7.5
1,2013-07-14,80,66,71,moderate,0.0,29.47,30.17,6.7,9,7.6
1,2013-07-15,80,71,74,moderate,0.09,29.52,30.23,4.3,8,5.1
1,2013-07-16,83,72,75,moderate,0.0,29.54,30.25,6.4,23,6.8
1,2013-07-17,85,72,76,moderate,0.0,29.51,30.23,6.7,26,6.9
1,2013-07-18,86,72,76,moderate,0.005,29.31,30.05,7.2,24,8.1
1,2013-07-19,84,70,75,TS BR,0.58,29.1,29.83,13.3,25,14.0
1,2013-07-20,80,64,69,moderate,0.06,29.17,29.86,4.8,1,7.5
1,2013-07-21,78,65,69,moderate,0.01,29.18,29.89,2.8,7,6.7
1,2013-07-22,79,66,71,TSRA RA,0.005,29.07,29.78,4.9,24,7.4
1,2013-07-23,71,60,64,moderate,0.03,29.15,29.83,8.8,2,11.0
1,2013-07-24,66,51,58,moderate,0.0,29.31,30.01,7.8,5,8.1
1,2013-07-25,69,54,61,moderate,0.0,29.33,30.05,4.1,23,5.1
1,2013-07-26,66,61,63,RA BR,0.39,29.21,29.94,7.6,22,8.5
1,2013-07-27,60,51,56,moderate,0.0,29.17,29.9,9.0,30,10.6
1,2013-07-28,62,50,55,RA,0.005,29.23,29.93,8.7,28,9.1
1,2013-07-29,67,55,59,moderate,0.0,29.41,30.11,2.0,1,7.0
1,2013-07-30,66,59,62,RA,0.04,29.39,30.12,4.2,16,4.7
1,2013-07-31,69,64,65,RA DZ BR,0.5,29.26,30.0,2.2,32,4.4
1,2013-08-01,71,57,62,moderate,0.0,29.23,29.95,7.6,30,7.8
1,2013-08-02,73,63,67,RA BR,0.63,29.15,29.87,4.5,29,8.2
1,2013-08-03,73,55,62,moderate,0.0,29.33,30.03,5.8,2,6.8
1,2013-08-04,68,56,61,RA,0.005,29.42,30.14,5.9,6,7.8
1,2013-08-05,67,59,62,RA,0.07,29.23,29.98,6.8,19,7.6
1,2013-08-06,75,68,70,moderate,0.04,29.13,29.86,7.2,21,8.0
1,2013-08-07,78,68,71,moderate,0.005,29.14,29.83,4.0,30,9.9
1,2013-08-08,72,56,62,moderate,0.0,29.26,29.98,8.6,5,9.3
1,2013-08-09,71,60,65,moderate,0.005,29.28,29.98,4.7,27,5.3
1,2013-08-12,75,65,68,RA DZ,0.27,29.21,29.93,3.5,27,7.5
1,2013-08-13,64,52,58,moderate,0.0,29.37,30.07,8.7,3,9.6
1,2013-08-14,64,50,56,moderate,0.0,29.44,30.16,3.9,4,7.1
1,2013-08-15,65,53,58,moderate,0.0,29.4,30.13,4.2,24,4.9
1,2013-08-16,69,52,60,moderate,0.0,29.44,30.15,2.8,4,5.2
1,2013-08-17,69,56,62,moderate,0.0,29.47,30.19,5.7,8,6.4
1,2013-08-18,70,57,63,moderate,0.0,29.41,30.14,3.7,8,4.8
1,2013-08-19,71,60,65,moderate,0.0,29.34,30.07,5.1,25,5.3
1,2013-08-20,77,62,68,moderate,0.0,29.34,30.06,7.7,22,8.0
1,2013-08-21,79,65,70,RA,0.01,29.3,30.02,8.6,23,9.0
1,2013-08-22,73,67,69,RA,0.23,29.36,30.05,1.5,23,7.0
1,2013-08-23,72,55,63,BR,0.0,29.43,30.14,6.1,6,6.8
1,2013-08-24,73,59,65,moderate,0.0,29.49,30.2,5.3,17,6.1
1,2013-08-25,77,62,68,moderate,0.0,29.46,30.18,9.2,22,9.6
1,2013-08-26,81,68,72,moderate,0.0,29.34,30.06,9.0,24,9.4
1,2013-08-27,87,70,75,moderate,0.0,29.18,29.9,11.7,24,12.0
1,2013-08-28,77,69,72,moderate,0.0,29.26,29.95,6.9,3,9.3
1,2013-08-29,78,64,69,BR HZ,0.0,29.29,30.01,3.9,10,4.7
1,2013-08-30,82,68,72,BR,0.36,29.13,29.86,4.4,26,8.3
1,2013-08-31,75,67,69,TS TSRA,0.07,29.1,29.82,6.1,5,7.2
1,2013-09-01,75,67,70,TS,0.14,29.05,29.76,4.2,29,5.2
1,2013-09-02,70,61,64,moderate,0.0,29.21,29.9,8.1,2,9.2
1,2013-09-03,67,54,59,moderate,0.0,29.32,30.02,4.0,30,5.8
1,2013-09-04,72,57,63,moderate,0.0,29.37,30.08,6.2,26,7.0
1,2013-09-05,67,54,60,moderate,0.005,29.49,30.2,9.0,5,9.2
1,2013-09-06,72,58,64,moderate,0.0,29.38,30.11,4.7,20,6.0
1,2013-09-07,77,62,68,moderate,0.01,29.21,29.94,5.7,23,6.9
1,2013-09-08,74,66,69,moderate,0.0,29.26,29.98,10.5,7,11.9
1,2013-09-09,81,70,74,moderate,0.0,29.15,29.86,9.0,20,10.1
1,2013-09-10,86,64,71,moderate,0.0,29.25,29.95,12.1,24,12.5
1,2013-09-11,83,66,71,moderate,0.005,29.28,29.98,4.2,27,7.5
1,2013-09-12,72,59,64,RA,0.005,29.28,29.98,7.0,35,9.4
1,2013-09-13,60,45,52,moderate,0.0,29.41,30.13,10.7,1,11.5
1,2013-09-14,60,43,52,moderate,0.0,29.36,30.1,4.7,21,5.9
1,2013-09-15,59,52,55,RA BR,0.65,29.34,30.06,1.1,2,5.4
1,2013-09-16,58,47,52,moderate,0.0,29.59,30.3,9.7,3,10.8
1,2013-09-17,60,51,56,moderate,0.0,29.49,30.23,7.0,13,7.6
1,2013-09-18,71,60,64,moderate,0.55,29.26,30.01,8.7,18,9.0
1,2013-09-19,77,68,70,TS TSRA RA FG BR HZ,0.84,29.14,29.87,8.3,16,10.6
1,2013-09-20,67,60,63,moderate,0.005,29.08,29.8,10.1,26,11.0
1,2013-09-21,60,48,53,moderate,0.0,29.17,29.87,9.6,33,10.0
1,2013-09-22,58,47,52,moderate,0.0,29.3,30.01,6.2,4,7.5
1,2013-09-23,57,48,53,moderate,0.0,29.34,30.06,4.9,10,6.1
1,2013-09-24,60,49,54,moderate,0.0,29.26,30.0,6.2,10,8.0
1,2013-09-25,61,52,56,moderate,0.0,29.23,29.95,4.8,5,5.7
1,2013-09-26,63,52,58,BR,0.0,29.34,30.04,3.8,8,4.2
1,2013-09-27,67,51,57,moderate,0.0,29.38,30.09,7.0,13,7.4
1,2013-09-28,70,56,62,RA BR,0.2,29.24,29.98,10.9,19,12.7
1,2013-09-29,60,49,54,RA BR,0.18,29.29,30.01,6.0,36,7.6
1,2013-09-30,61,49,55,moderate,0.0,29.21,29.93,5.8,19,6.2
1,2013-10-01,71,62,65,BR,0.0,29.21,29.92,12.5,22,12.2
1,2013-10-02,69,50,59,BR,0.0,29.31,30.02,4.7,7,6.4
1,2013-10-03,69,65,67,RA DZ FG+ BR,0.12,29.19,29.91,7.4,19,7.9
1,2013-10-04,70,65,66,RA BR,0.005,29.23,29.94,2.6,12,6.2
1,2013-10-05,71,66,68,TSRA BR,0.82,29.11,29.84,5.2,19,6.4
1,2013-10-06,55,44,49,RA,0.09,29.02,29.75,8.7,25,9.5
1,2013-10-07,57,45,50,moderate,0.005,29.23,29.92,6.1,28,9.0
1,2013-10-08,59,48,53,moderate,0.0,29.42,30.13,4.7,18,5.6
1,2013-10-09,60,47,53,moderate,0.0,29.45,30.18,3.6,12,4.6
1,2013-10-10,60,50,55,BR,0.0,29.37,30.11,2.9,13,3.9
1,2013-10-11,64,51,56,moderate,0.0,29.28,30.02,7.3,14,7.7
1,2013-10-12,60,54,57,RA BR,0.12,29.32,30.02,5.7,21,7.4
1,2013-10-13,54,41,48,moderate,0.0,29.62,30.32,5.3,32,6.6
1,2013-10-14,52,44,49,moderate,0.0,29.53,30.29,6.6,8,8.4
1,2013-10-15,57,51,54,RA BR,0.07,29.14,29.91,7.6,19,10.6
1,2013-10-16,51,45,48,DZ,0.005,29.16,29.89,10.5,25,10.8
1,2013-10-17,47,44,46,RA BR,0.29,29.12,29.86,6.1,26,6.9
1,2013-10-18,45,40,43,moderate,0.0,29.18,29.91,8.3,26,8.7
1,2013-10-19,48,37,42,RA,0.01,29.1,29.83,8.9,25,9.2
1,2013-10-20,49,42,46,RA,0.01,29.07,29.8,5.1,20,6.1
1,2013-10-21,44,31,38,moderate,0.005,29.19,29.9,10.8,27,11.5
1,2013-10-22,36,31,34,RA,0.005,29.21,29.95,5.4,26,6.1
1,2013-10-23,39,27,34,moderate,0.005,29.24,29.98,9.2,30,10.0
1,2013-10-24,38,25,33,moderate,0.005,29.45,30.16,10.3,30,10.9
1,2013-10-25,40,26,35,moderate,0.0,29.47,30.24,10.8,24,11.7
1,2013-10-26,46,29,39,moderate,0.0,29.22,29.96,10.9,27,14.2
1,2013-10-27,42,29,37,moderate,0.0,29.28,30.02,6.3,23,6.6
1,2013-10-28,44,37,41,moderate,0.0,29.54,30.26,9.0,4,9.4
1,2013-10-29,50,40,45,moderate,0.005,29.49,30.25,6.1,10,7.5
1,2013-10-30,53,52,53,RA BR HZ,0.55,29.22,30.0,6.6,15,7.5
1,2013-10-31,55,56,57,RA BR,1.04,28.69,29.45,9.4,24,11.5
1,2014-05-01,46,38,42,RA DZ BR,0.09,29.02,29.74,13.5,24,13.4
1,2014-05-02,50,39,45,moderate,0.005,29.03,29.77,10.2,24,11.5
1,2014-05-03,57,37,48,moderate,0.0,29.07,29.77,13.8,28,14.7
1,2014-05-04,51,29,41,moderate,0.0,29.31,30.01,4.8,3,10.0
1,2014-05-05,49,34,42,RA,0.05,29.26,29.98,12.6,5,13.1
1,2014-05-06,52,34,45,moderate,0.0,29.21,29.95,12.6,7,13.7
1,2014-05-07,63,42,50,moderate,0.005,29.1,29.82,7.5,8,8.9
1,2014-05-08,70,55,63,RA,0.1,29.08,29.8,13.7,21,14.2
1,2014-05-09,64,52,58,RA BR,1.03,29.03,29.74,13.2,24,16.0
1,2014-05-10,62,42,52,moderate,0.0,29.19,29.91,2.9,25,6.9
1,2014-05-11,67,53,59,moderate,0.12,29.19,29.91,7.6,16,8.9
1,2014-05-12,74,64,67,TS TSRA BR,2.09,29.13,29.85,6.6,19,12.0
1,2014-05-13,60,53,56,RA BR,0.12,29.29,29.98,9.5,26,12.3
1,2014-05-14,50,39,46,RA BR,0.02,29.36,30.09,10.9,2,12.0
1,2014-05-15,48,35,41,RA,0.19,29.26,30.0,10.3,1,13.6
1,2014-05-16,42,34,38,RA DZ,0.1,29.33,30.05,4.9,6,8.0
1,2014-05-17,50,33,42,BR,0.0,29.4,30.12,7.7,26,8.5
1,2014-05-18,58,37,48,moderate,0.0,29.47,30.19,9.8,22,10.5
1,2014-05-19,57,40,50,RA,0.005,29.34,30.1,12.7,16,13.3
1,2014-05-20,74,58,63,TS TSRA RA BR,0.82,29.12,29.86,9.9,20,11.1
1,2014-05-21,75,55,63,RA BR HZ,0.01,29.16,29.86,4.4,31,7.5
1,2014-05-22,62,47,54,moderate,0.0,29.36,30.06,4.0,5,6.8
1,2014-05-23,59,43,51,moderate,0.0,29.47,30.18,6.2,5,6.5
1,2014-05-24,61,42,52,moderate,0.0,29.44,30.18,3.9,6,5.2
1,2014-05-25,67,46,56,moderate,0.0,29.35,30.08,2.3,15,5.0
1,2014-05-26,74,59,65,moderate,0.0,29.25,29.98,5.9,21,7.5
1,2014-05-27,72,61,65,RA BR,0.21,29.21,29.91,5.3,25,10.0
1,2014-05-28,64,49,55,RA BR,0.03,29.29,30.0,9.1,4,9.3
1,2014-05-29,65,51,57,moderate,0.0,29.38,30.09,8.4,5,9.0
1,2014-05-30,66,49,57,moderate,0.0,29.44,30.15,6.1,6,7.0
1,2014-05-31,71,50,59,moderate,0.0,29.39,30.12,5.8,12,8.0
1,2014-06-01,77,59,66,moderate,0.005,29.24,29.96,12.9,18,13.0
1,2014-06-02,76,62,67,RA,0.14,29.11,29.83,13.2,22,14.6
1,2014-06-03,74,50,60,moderate,0.0,29.18,29.89,7.2,28,9.8
1,2014-06-04,63,53,57,RA BR,0.19,29.13,29.85,7.8,6,9.3
1,2014-06-05,64,42,53,moderate,0.0,29.23,29.95,5.0,6,6.0
1,2014-06-06,65,40,54,moderate,0.0,29.26,29.98,3.9,11,4.9
1,2014-06-07,71,50,59,RA,0.08,29.18,29.91,3.3,9,7.7
1,2014-06-08,63,44,53,RA,0.23,29.28,29.98,13.9,2,14.1
1,2014-06-09,67,48,55,moderate,0.0,29.24,29.96,7.7,4,8.5
1,2014-06-10,61,51,55,RA BR,1.26,29.12,29.87,10.0,3,10.3
1,2014-06-11,62,55,58,RA DZ BR,0.52,29.0,29.71,6.4,34,7.4
1,2014-06-12,69,56,62,DZ BR,0.005,29.08,29.78,8.6,27,10.0
1,2014-06-13,65,41,52,moderate,0.0,29.26,29.96,6.4,31,9.8
1,2014-06-14,66,43,55,moderate,0.0,29.31,30.03,7.8,17,8.3
1,2014-06-15,72,55,63,moderate,0.0,29.17,29.89,14.3,19,15.7
1,2014-06-16,78,61,67,moderate,0.0,29.24,29.97,7.4,21,8.7
1,2014-06-17,84,64,70,RA,0.005,29.15,29.86,9.1,22,12.6
1,2014-06-18,72,63,66,TS TSRA BR HZ,0.65,29.24,29.93,2.0,23,10.2
1,2014-06-19,69,61,64,TSRA FG+ BR HZ,0.32,29.33,30.04,6.0,7,8.2
1,2014-06-20,74,63,67,BR HZ,0.01,29.23,29.94,2.6,30,8.5
1,2014-06-21,72,62,65,RA BR,1.28,29.21,29.92,0.7,17,7.3
1,2014-06-22,73,61,64,FG+ BR HZ,0.0,29.16,29.88,4.4,7,4.9
1,2014-06-23,74,65,68,RA BR,0.05,29.11,29.83,2.9,22,5.5
1,2014-06-24,79,65,69,TSRA RA,0.41,29.15,29.85,0.8,36,4.7
1,2014-06-25,70,58,61,FG+ FG BR HZ,0.005,29.28,29.98,6.8,4,7.3
1,2014-06-26,69,57,61,BR HZ,0.0,29.34,30.04,6.2,5,6.8
1,2014-06-27,74,62,67,FG BR HZ,0.005,29.28,30.0,7.9,16,9.8
1,2014-06-28,79,67,70,moderate,0.0,29.23,29.96,11.8,18,12.1
1,2014-06-29,77,67,71,RA,0.07,29.2,29.9,12.3,21,12.9
1,2014-06-30,77,67,70,TS TSRA RA,2.6,29.05,29.77,6.3,20,12.6
1,2014-07-01,74,60,65,RA,0.005,29.02,29.72,12.3,24,12.4
1,2014-07-02,63,53,57,RA DZ BR HZ,0.12,29.23,29.92,5.3,30,9.6
1,2014-07-03,66,48,56,RA,0.07,29.41,30.11,2.2,30,6.8
1,2014-07-04,69,48,57,HZ,0.0,29.54,30.26,2.9,6,7.2
1,2014-07-05,69,54,60,RA HZ,0.005,29.41,30.16,8.0,21,8.3
1,2014-07-06,75,63,68,moderate,0.0,29.1,29.85,11.8,22,12.3
1,2014-07-07,80,63,69,TSRA,0.63,29.0,29.72,6.9,27,8.6
1,2014-07-08,74,59,65,TSRA,0.54,29.01,29.7,10.9,28,12.0
1,2014-07-09,71,54,61,moderate,0.0,29.25,29.93,6.8,32,8.4
1,2014-07-10,70,53,60,moderate,0.0,29.42,30.13,4.1,10,4.4
1,2014-07-11,71,54,61,RA,0.01,29.42,30.14,5.1,18,5.4
1,2014-07-12,75,66,69,RA BR,0.47,29.23,29.97,9.1,20,10.5
1,2014-07-13,77,61,67,moderate,0.01,29.18,29.9,8.9,28,9.7
1,2014-07-14,71,54,61,moderate,0.2,29.11,29.83,7.3,31,8.1
1,2014-07-15,63,50,56,RA,0.05,29.21,29.91,10.0,30,10.5
1,2014-07-16,64,47,55,moderate,0.0,29.29,30.0,3.3,2,7.4
1,2014-07-17,66,50,57,moderate,0.0,29.37,30.08,3.0,12,5.5
1,2014-07-18,69,53,60,moderate,0.0,29.39,30.12,5.7,14,6.9
1,2014-07-19,69,52,60,HZ,0.0,29.33,30.05,4.2,11,4.6
1,2014-07-20,71,56,63,moderate,0.0,29.31,30.03,4.0,22,4.5
1,2014-07-21,75,61,66,moderate,0.0,29.34,30.05,6.9,20,7.2
1,2014-07-22,80,67,71,TS,0.01,29.27,29.97,8.3,22,11.9
1,2014-07-23,67,51,58,moderate,0.0,29.41,30.12,15.7,2,16.1
1,2014-07-24,66,47,56,moderate,0.0,29.39,30.11,6.2,5,8.8
1,2014-07-25,65,54,60,moderate,0.005,29.24,29.98,8.4,21,9.1
1,2014-07-26,76,63,67,moderate,0.0,29.1,29.83,3.9,24,5.5
1,2014-07-27,76,59,66,RA BR HZ,0.02,29.08,29.77,12.2,30,15.0
1,2014-07-28,66,48,56,moderate,0.0,29.33,30.03,9.2,36,11.1
1,2014-07-29,70,53,60,moderate,0.01,29.28,30.0,8.4,30,9.6
1,2014-07-30,69,54,60,moderate,0.0,29.29,30.01,2.2,33,7.0
1,2014-07-31,72,55,62,moderate,0.0,29.3,30.01,8.0,26,8.4
1,2014-08-01,74,56,63,moderate,0.15,29.34,30.06,2.4,22,6.9
1,2014-08-02,73,53,61,moderate,0.0,29.4,30.11,1.6,4,4.2
1,2014-08-03,75,58,65,moderate,0.0,29.38,30.09,4.5,26,6.9
1,2014-08-04,77,60,65,TSRA RA BR,2.76,29.34,30.06,0.4,33,7.5
1,2014-08-05,72,62,65,BR HZ,0.005,29.31,30.03,4.8,3,6.3
1,2014-08-06,71,54,61,moderate,0.0,29.34,30.05,5.1,3,6.3
1,2014-08-07,71,56,63,moderate,0.0,29.34,30.06,8.3,8,9.0
1,2014-08-08,74,57,64,moderate,0.0,29.34,30.05,10.1,7,10.7
1,2014-08-09,73,57,63,moderate,0.0,29.34,30.07,8.6,6,9.1
1,2014-08-10,75,59,65,moderate,0.0,29.28,30.0,7.7,4,8.6
1,2014-08-11,75,63,67,TSRA RA BR,0.85,29.11,29.84,4.4,32,6.8
1,2014-08-12,66,55,59,RA,0.07,29.17,29.87,11.2,32,12.0
1,2014-08-13,70,55,61,moderate,0.0,29.29,29.99,4.6,31,9.3
1,2014-08-14,65,48,56,moderate,0.0,29.35,30.07,7.0,5,7.7
1,2014-08-15,65,50,58,moderate,0.0,29.28,30.02,5.2,24,6.0
1,2014-08-16,72,61,65,moderate,0.0,29.2,29.91,7.9,24,8.3
1,2014-08-17,68,61,63,DZ BR HZ,0.005,29.23,29.96,7.9,3,8.5
1,2014-08-18,74,62,66,BR HZ,0.0,29.12,29.85,2.8,22,4.9
1,2014-08-19,78,65,69,RA,0.09,29.02,29.72,9.2,24,10.7
1,2014-08-20,76,63,68,moderate,0.0,29.17,29.86,7.4,25,7.9
1,2014-08-21,75,68,70,TSRA RA BR,0.98,29.21,29.92,2.8,18,5.0
1,2014-08-22,79,70,73,TSRA RA BR,1.58,29.21,29.92,3.4,23,5.1
1,2014-08-23,77,69,71,TS RA BR HZ,0.34,29.25,29.96,2.6,7,5.0
1,2014-08-24,79,69,72,moderate,0.0,29.26,29.97,6.6,12,7.4
1,2014-08-25,80,68,71,TSRA BR,0.01,29.28,29.99,3.0,18,6.7
1,2014-08-26,78,65,69,moderate,0.12,29.34,30.06,1.8,36,6.1
1,2014-08-27,75,60,65,moderate,0.0,29.4,30.11,5.9,5,6.9
1,2014-08-28,72,57,63,RA,0.005,29.35,30.08,7.6,8,8.6
1,2014-08-29,79,67,70,moderate,0.08,29.19,29.92,10.7,17,11.1
1,2014-08-30,77,65,69,moderate,0.27,29.15,29.85,10.7,23,11.7
1,2014-08-31,77,65,69,BR HZ,0.0,29.18,29.89,5.7,21,6.6
1,2014-09-01,77,65,69,RA,0.36,29.07,29.77,10.7,22,11.5
1,2014-09-02,75,60,65,RA,0.01,29.18,29.88,5.4,28,5.9
1,2014-09-03,72,59,65,moderate,0.0,29.26,29.97,5.3,20,6.7
1,2014-09-04,78,66,70,RA,0.26,29.21,29.93,11.4,20,12.6
1,2014-09-05,76,65,69,TS RA,0.5,29.27,29.96,7.8,27,11.0
1,2014-09-06,68,51,58,moderate,0.0,29.42,30.13,7.1,33,8.4
1,2014-09-07,67,49,57,moderate,0.0,29.44,30.16,1.0,12,4.3
1,2014-09-08,66,52,59,moderate,0.0,29.33,30.07,6.0,17,6.2
1,2014-09-09,71,59,64,RA,0.01,29.18,29.93,7.2,18,7.6
1,2014-09-10,68,61,64,RA BR,1.31,28.97,29.67,7.3,25,15.8
1,2014-09-11,53,42,47,moderate,0.0,29.46,30.15,9.8,35,10.3
1,2014-09-12,50,43,46,RA BR,0.13,29.55,30.27,11.7,35,12.5
1,2014-09-13,50,40,44,moderate,0.0,29.59,30.33,3.2,33,7.7
1,2014-09-14,54,43,49,moderate,0.0,29.49,30.25,4.5,22,4.8
1,2014-09-15,57,48,52,RA,0.005,29.41,30.14,2.2,30,4.9
1,2014-09-16,56,43,50,moderate,0.0,29.41,30.15,3.0,30,4.4
1,2014-09-17,59,45,52,moderate,0.0,29.29,30.02,0.4,17,2.8
1,2014-09-18,62,52,56,BCFG BR,0.0,29.4,30.12,5.5,4,6.3
1,2014-09-19,66,48,56,BR,0.0,29.31,30.06,10.7,18,11.5
1,2014-09-20,70,61,64,RA,0.12,29.1,29.83,9.8,23,10.1
1,2014-09-21,60,50,55,RA,0.005,29.26,29.94,10.5,31,12.7
1,2014-09-22,57,43,49,moderate,0.0,29.52,30.22,1.7,31,5.5
1,2014-09-23,63,46,53,moderate,0.0,29.57,30.3,1.9,20,4.3
1,2014-09-24,66,49,56,moderate,0.0,29.57,30.3,4.3,13,5.6
1,2014-09-25,65,52,58,moderate,0.0,29.52,30.25,0.6,11,1.9
1,2014-09-26,65,53,58,BR,0.0,29.51,30.23,3.7,6,4.5
1,2014-09-27,67,54,59,moderate,0.0,29.47,30.21,3.1,7,3.8
1,2014-09-28,66,55,59,BR HZ,0.0,29.38,30.12,2.3,6,3.2
1,2014-09-29,68,54,58,RA BR,0.01,29.28,30.0,5.0,36,9.0
1,2014-09-30,53,47,50,DZ BR,0.005,29.29,30.03,8.8,2,9.7
1,2014-10-01,60,50,55,moderate,0.0,29.22,29.95,10.3,13,10.4
1,2014-10-02,68,61,63,TSRA RA BR,0.32,29.03,29.78,7.2,17,7.9
1,2014-10-03,54,45,49,RA,0.68,28.95,29.67,15.1,28,16.4
1,2014-10-04,41,34,39,RA DZ BR,0.06,29.0,29.72,13.5,26,13.8
1,2014-10-05,46,35,42,RA,0.01,28.95,29.68,8.5,23,9.0
1,2014-10-06,52,38,45,moderate,0.01,28.89,29.61,7.9,25,8.8
1,2014-10-07,57,43,50,moderate,0.005,29.0,29.69,9.8,25,11.5
1,2014-10-08,55,35,46,moderate,0.0,29.27,29.97,11.0,27,11.3
1,2014-10-09,53,34,44,moderate,0.0,29.38,30.09,3.4,36,5.8
1,2014-10-10,49,39,44,moderate,0.0,29.43,30.16,7.7,2,8.2
1,2014-10-11,48,34,42,moderate,0.0,29.47,30.2,2.8,8,4.5
1,2014-10-12,51,42,47,RA DZ BR,0.01,29.24,30.0,7.9,14,9.1
1,2014-10-13,62,58,60,RA DZ BR,0.64,28.97,29.73,7.7,14,9.1
1,2014-10-14,59,57,58,RA DZ BR,0.65,28.83,29.55,3.5,10,10.2
1,2014-10-15,53,51,51,RA DZ BR,0.05,29.05,29.75,9.5,35,9.9
1,2014-10-16,53,49,51,DZ BR,0.005,29.02,29.77,4.1,24,7.4
1,2014-10-17,55,46,50,moderate,0.005,28.99,29.69,11.1,29,13.2
1,2014-10-18,43,38,42,RA DZ,0.01,29.39,30.08,8.2,34,9.2
1,2014-10-19,44,38,43,moderate,0.0,29.31,30.07,7.8,21,8.2
1,2014-10-20,56,44,49,moderate,0.01,29.17,29.9,4.7,32,9.3
1,2014-10-21,49,39,44,moderate,0.0,29.46,30.16,10.8,1,11.4
1,2014-10-22,46,38,43,moderate,0.0,29.56,30.3,2.9,8,4.8
1,2014-10-23,48,40,45,BR,0.0,29.39,30.15,7.5,19,7.8
1,2014-10-24,60,46,52,moderate,0.0,29.25,30.0,4.4,22,5.8
1,2014-10-25,61,40,51,BR,0.0,29.21,29.93,10.4,29,10.9
1,2014-10-26,53,32,44,moderate,0.0,29.21,29.95,0.9,5,5.8
1,2014-10-27,64,51,58,moderate,0.0,28.92,29.66,12.0,19,12.9
1,2014-10-28,57,38,47,moderate,0.005,29.15,29.85,14.8,26,15.6
1,2014-10-29,43,32,40,moderate,0.0,29.36,30.06,9.5,29,9.9
1,2014-10-30,42,34,40,moderate,0.0,29.34,30.09,5.1,24,5.5
1,2014-10-31,40,25,33,RA SN,0.03,29.49,30.2,22.6,34,22.9
